Date,Open,High,Low,Close,Adj Close,Volume,SMA_30,SMA_100,Buy Signals,Sell Signals
2021-10-06,258.73333740234375,262.2200012207031,257.739990234375,260.9166564941406,260.9166564941406,43898400,250.4888910929362,226.9155014038086,260.9166564941406,
2021-10-07,261.82000732421875,268.3333435058594,261.1266784667969,264.53668212890625,264.53668212890625,57587400,251.40455830891926,227.63810150146483,,
2021-10-08,265.4033203125,265.4599914550781,260.3033447265625,261.8299865722656,261.8299865722656,50215800,252.34155782063803,228.3301679992676,,
2021-10-11,262.54998779296875,267.0799865722656,261.8333435058594,263.9800109863281,263.9800109863281,42600900,253.230669148763,229.09176803588866,,
2021-10-12,266.9766540527344,270.7733459472656,265.5233459472656,268.5733337402344,268.5733337402344,66060000,254.0618911743164,229.82156799316405,,
2021-10-13,270.15667724609375,271.8033447265625,268.59332275390625,270.3599853515625,270.3599853515625,42360300,254.89922383626302,230.58890121459962,,
2021-10-14,271.8299865722656,273.4166564941406,271.1166687011719,272.7733459472656,272.7733459472656,36741600,255.83511301676432,231.2951679992676,,
2021-10-15,274.5799865722656,281.07000732421875,274.1166687011719,281.010009765625,281.010009765625,56773800,257.06444651285807,232.08963470458986,,
2021-10-18,283.92999267578125,291.7533264160156,283.8233337402344,290.03668212890625,290.03668212890625,72621600,258.58155822753906,232.92623489379883,,
2021-10-19,292.510009765625,292.6499938964844,287.5033264160156,288.0899963378906,288.0899963378906,52143300,259.81878051757815,233.7043014526367,,
2021-10-20,288.45001220703125,289.8299865722656,285.7933349609375,288.6000061035156,288.6000061035156,42096300,261.0624476114909,234.50623489379882,,
2021-10-21,285.3333435058594,300.0,285.1666564941406,298.0,298.0,94444500,262.6084477742513,235.40656829833983,,
2021-10-22,298.5,303.3333435058594,296.9866638183594,303.2266540527344,303.2266540527344,68642400,264.5352249145508,236.42176818847656,,
2021-10-25,316.84332275390625,348.3399963378906,314.73333740234375,341.6199951171875,341.6199951171875,188556300,267.66700236002606,237.92850143432617,,
2021-10-26,341.5633239746094,364.9800109863281,333.8133239746094,339.4766540527344,339.4766540527344,187245000,270.7107798258464,239.32643463134767,,
2021-10-27,346.5533447265625,356.9599914550781,343.59332275390625,345.9533386230469,345.9533386230469,115579500,273.8444468180339,240.76886795043944,,
2021-10-28,356.10333251953125,360.3333435058594,351.3999938964844,359.0133361816406,359.0133361816406,81639600,277.40055796305336,242.3470346069336,,
2021-10-29,360.6199951171875,371.7366638183594,357.7366638183594,371.3333435058594,371.3333435058594,89755200,281.33955841064454,244.06443466186522,,
2021-11-01,381.6666564941406,403.25,372.88665771484375,402.86334228515625,402.86334228515625,168146100,286.65533650716145,246.05933471679688,,
2021-11-02,386.4533386230469,402.86334228515625,382.0,390.6666564941406,390.6666564941406,128213400,291.4622248331706,247.93303466796874,,
2021-11-03,392.4433288574219,405.1300048828125,384.2066650390625,404.6199951171875,404.6199951171875,103885500,296.5946690877279,249.92026794433593,,
2021-11-04,411.4700012207031,414.4966735839844,405.6666564941406,409.9700012207031,409.9700012207031,76192200,301.8865580240885,252.0221012878418,,
2021-11-05,409.3333435058594,413.2900085449219,402.6666564941406,407.36334228515625,407.36334228515625,64886400,306.8610026041667,254.07950134277343,,
2021-11-08,383.2633361816406,399.0,377.6666564941406,387.64666748046875,387.64666748046875,100337100,310.9896687825521,255.9006346130371,,
2021-11-09,391.20001220703125,391.5,337.17333984375,341.1666564941406,341.1666564941406,177317400,313.7223347981771,257.2346011352539,,
2021-11-10,336.8033447265625,359.3666687011719,329.10333251953125,355.98333740234375,355.98333740234375,128408100,316.9072235107422,258.7250012207031,,
2021-11-11,367.5899963378906,368.3233337402344,351.55999755859375,354.5033264160156,354.5033264160156,67189800,320.10755615234376,260.1910011291504,,
2021-11-12,349.1666564941406,351.5,339.73333740234375,344.47332763671875,344.47332763671875,76719300,322.9764444986979,261.4471676635742,,
2021-11-15,339.2099914550781,343.99334716796875,326.20001220703125,337.7966613769531,337.7966613769531,104326800,325.55266621907555,262.5590675354004,,
2021-11-16,334.4366760253906,352.3999938964844,334.05999755859375,351.57666015625,351.57666015625,79627200,328.5986663818359,263.83526748657226,,
2021-11-17,354.5033264160156,373.21331787109375,351.8333435058594,363.0033264160156,363.0033264160156,94336200,332.0015553792318,265.16956741333007,,
2021-11-18,368.8500061035156,370.6666564941406,358.3399963378906,365.4599914550781,365.4599914550781,62696700,335.36566569010415,266.5549673461914,,
2021-11-19,366.2900085449219,379.5733337402344,364.23333740234375,379.0199890136719,379.0199890136719,64926900,339.2719991048177,268.07950057983396,,
2021-11-22,387.4433288574219,400.6499938964844,377.4766540527344,385.6233215332031,385.6233215332031,99217500,343.3267761230469,269.67600051879884,,
2021-11-23,389.1700134277344,393.5,354.23333740234375,369.6766662597656,369.6766662597656,108515100,346.69688720703124,271.1097671508789,,
2021-11-24,360.1300048828125,377.5899963378906,354.0,372.0,372.0,67680600,350.0848876953125,272.6311671447754,,
2021-11-26,366.489990234375,369.59332275390625,360.3333435058594,360.6400146484375,360.6400146484375,35042700,353.01377665201824,274.0887339782715,,
2021-11-29,366.9966735839844,380.8900146484375,366.7300109863281,378.9966735839844,378.9966735839844,58393500,356.2799987792969,275.70266738891604,,
2021-11-30,381.4566650390625,389.3333435058594,372.6666564941406,381.586669921875,381.586669921875,81276000,359.3316650390625,277.32870071411133,,
2021-12-01,386.8999938964844,390.9466552734375,363.586669921875,365.0,365.0,68450400,361.89533182779945,278.6930340576172,,
2021-12-02,366.35333251953125,371.0,352.2166748046875,361.5333251953125,361.5333251953125,73114800,364.3264424641927,280.0799006652832,,
2021-12-03,361.5966796875,363.52667236328125,333.4033203125,338.3233337402344,338.3233337402344,92322000,365.67055358886716,281.2852006530762,,
2021-12-06,333.836669921875,340.5466613769531,316.8333435058594,336.336669921875,336.336669921875,81663000,366.7742207845052,282.4799006652832,,
2021-12-07,348.0666809082031,352.5566711425781,342.2699890136719,350.5833435058594,350.5833435058594,56084700,367.0729990641276,283.83833404541014,,
2021-12-08,350.9033203125,357.4599914550781,344.3333435058594,356.32000732421875,356.32000732421875,41906400,367.6344441731771,285.2474674987793,,
2021-12-09,353.5466613769531,354.163330078125,334.1199951171875,334.6000061035156,334.6000061035156,59438400,367.25599975585936,286.39180084228514,,
2021-12-10,336.25,340.32666015625,327.510009765625,339.010009765625,339.010009765625,59664300,366.58922220865884,287.5976010131836,,
2021-12-13,333.6966552734375,335.0,317.1400146484375,322.13665771484375,322.13665771484375,78595500,364.94933268229164,288.6547676086426,,
2021-12-14,315.0,322.13665771484375,310.0,319.5033264160156,319.5033264160156,70806300,362.17066548665366,289.70520080566405,,
2021-12-15,317.7366638183594,326.25,309.4166564941406,325.3299865722656,325.3299865722656,75169200,359.99277648925784,290.7664340209961,,
2021-12-16,331.5,331.6600036621094,307.2833251953125,308.97332763671875,308.97332763671875,82771500,356.80455423990884,291.70690063476565,,
2021-12-17,304.92333984375,320.2200012207031,303.0133361816406,310.8566589355469,310.8566589355469,100437300,353.500776163737,292.6588671875,,
2021-12-20,303.5666809082031,307.2300109863281,297.7966613769531,299.9800109863281,299.9800109863281,56480100,349.92133178710935,293.4008338928223,,
2021-12-21,305.6233215332031,313.1666564941406,295.3733215332031,312.84332275390625,312.84332275390625,71517900,347.4278869628906,294.2386004638672,,
2021-12-22,321.88665771484375,338.5533447265625,319.01666259765625,336.2900085449219,336.2900085449219,93634200,347.26533203125,295.2359338378906,,
2021-12-23,335.6000061035156,357.6600036621094,332.5199890136719,355.6666564941406,355.6666564941406,92713200,347.25477600097656,296.42680038452147,,
2021-12-27,357.8900146484375,372.3333435058594,356.90667724609375,364.64666748046875,364.64666748046875,71145900,347.59288736979164,297.70353378295897,,
2021-12-28,369.8299865722656,373.0,359.47332763671875,362.8233337402344,362.8233337402344,60324000,348.2045542399089,298.94966705322264,,
2021-12-29,366.21331787109375,368.0,354.71331787109375,362.0633239746094,362.0633239746094,56154000,349.01344299316406,300.2399668884277,,
2021-12-30,353.77667236328125,365.1833190917969,351.04998779296875,356.7799987792969,356.7799987792969,47040900,349.1868876139323,301.42856689453123,,
2021-12-31,357.8133239746094,360.6666564941406,351.5299987792969,352.260009765625,352.260009765625,40733700,348.8287770589193,302.58453369140625,,
2022-01-03,382.5833435058594,400.3566589355469,378.67999267578125,399.9266662597656,399.9266662597656,103931400,349.9776662190755,304.22440032958986,,
2022-01-04,396.51666259765625,402.6666564941406,374.3500061035156,383.1966552734375,383.1966552734375,100248300,350.11688842773435,305.6488668823242,,
2022-01-05,382.2166748046875,390.11334228515625,360.336669921875,362.7066650390625,362.7066650390625,80119800,349.3529998779297,306.88536682128904,,
2022-01-06,359.0,362.6666564941406,340.1666564941406,354.8999938964844,354.8999938964844,90336600,348.860444132487,308.1471334838867,,
2022-01-07,360.1233215332031,360.30999755859375,336.6666564941406,342.32000732421875,342.32000732421875,84164700,347.87111104329426,309.351300201416,,
2022-01-10,333.3333435058594,353.0333251953125,326.6666564941406,352.7066650390625,352.7066650390625,91815000,347.6066660563151,310.58173355102537,,
2022-01-11,351.22332763671875,358.6166687011719,346.2733459472656,354.79998779296875,354.79998779296875,66063300,346.80010986328125,311.88483337402346,,
2022-01-12,359.6166687011719,371.61334228515625,357.5299987792969,368.739990234375,368.739990234375,83739000,346.37188720703125,313.30470001220704,,
2022-01-13,369.69000244140625,371.8666687011719,342.17999267578125,343.85333251953125,343.85333251953125,97209900,345.6669982910156,314.3888999938965,,
2022-01-14,339.9599914550781,350.6666564941406,337.7933349609375,349.8699951171875,349.8699951171875,72924300,345.27822062174477,315.5259666442871,,
2022-01-18,342.2033386230469,356.92999267578125,338.6866760253906,343.5033264160156,343.5033264160156,66743400,345.4508870442708,316.5903332519531,,
2022-01-19,347.2366638183594,351.5566711425781,331.6666564941406,331.8833312988281,331.8833312988281,75442500,345.3024424235026,317.57196655273435,,
2022-01-20,336.57666015625,347.2200012207031,331.3333435058594,332.0899963378906,332.0899963378906,70488600,344.6859975179037,318.5197998046875,,
2022-01-21,332.11334228515625,334.8500061035156,313.5,314.6333312988281,314.6333312988281,103416000,343.29644165039065,319.22976638793943,,
2022-01-24,301.586669921875,311.1700134277344,283.8233337402344,310.0,310.0,151565700,342.4764414469401,319.8773663330078,,
2022-01-25,304.73333740234375,317.086669921875,301.07000732421875,306.1333312988281,306.1333312988281,86595900,341.38055216471355,320.49173294067384,,
2022-01-26,317.4766540527344,329.2300109863281,302.0,312.4700012207031,312.4700012207031,104867400,341.05833028157554,321.17513290405276,,
2022-01-27,311.1199951171875,311.7966613769531,276.3333435058594,276.3666687011719,276.3666687011719,147109500,339.6204416910807,321.4935662841797,,
2022-01-28,277.1866760253906,285.8333435058594,264.0033264160156,282.1166687011719,282.1166687011719,134789100,338.17999776204425,321.80499969482423,,
2022-01-31,290.9033203125,312.663330078125,287.3500061035156,312.239990234375,312.239990234375,104436000,338.28888651529945,322.4144996643066,,
2022-02-01,311.7366638183594,314.5666809082031,301.6666564941406,310.4166564941406,310.4166564941406,73138200,338.2742197672526,323.00246627807616,,
2022-02-02,309.3933410644531,310.5,296.4700012207031,301.88665771484375,301.88665771484375,66792900,338.3377746582031,323.5670994567871,,
2022-02-03,294.0,312.3333435058594,293.50665283203125,297.0466613769531,297.0466613769531,78855600,337.81121927897135,324.06089935302737,,
2022-02-04,299.0733337402344,312.1666564941406,293.72332763671875,307.7733459472656,307.7733459472656,73625400,336.86066385904945,324.65699951171877,,
2022-02-07,307.92999267578125,315.92333984375,300.9033203125,302.4466552734375,302.4466552734375,60994500,335.0866638183594,325.1620327758789,,
2022-02-08,301.84332275390625,308.7633361816406,298.26666259765625,307.3333435058594,307.3333435058594,50729100,333.1762196858724,325.71206619262693,,
2022-02-09,311.6666564941406,315.42333984375,306.6666564941406,310.6666564941406,310.6666564941406,52259400,331.4376637776693,326.28709945678713,,
2022-02-10,302.7900085449219,314.60333251953125,298.8999938964844,301.51666259765625,301.51666259765625,66126900,329.41944173177086,326.86836608886716,,
2022-02-11,303.2099914550781,305.32000732421875,283.5666809082031,286.6666564941406,286.6666564941406,79645800,327.08233032226565,327.2704325866699,,286.6666564941406
2022-02-14,287.19000244140625,299.6266784667969,284.3833312988281,291.9200134277344,291.9200134277344,67756500,325.0709971110026,327.68316604614256,,
2022-02-15,300.0,307.6666564941406,297.7933349609375,307.4766540527344,307.4766540527344,57286200,321.9893300374349,328.2457992553711,,
2022-02-16,304.6833190917969,308.80999755859375,300.4033203125,307.7966613769531,307.7966613769531,51294300,319.4759969075521,328.7424658203125,,
2022-02-17,304.4200134277344,306.1666564941406,291.3666687011719,292.1166687011719,292.1166687011719,55178400,317.1229970296224,329.02576568603513,,
2022-02-18,295.3333435058594,295.6233215332031,279.2033386230469,285.6600036621094,285.6600036621094,68501700,314.81499735514325,329.29049896240235,,
2022-02-22,278.0433349609375,285.57666015625,267.0333251953125,273.84332275390625,273.84332275390625,83288100,312.5324412027995,329.4245654296875,,
2022-02-23,276.80999755859375,278.4333190917969,253.52000427246094,254.67999267578125,254.67999267578125,95256900,309.2648854573568,329.3864318847656,,
2022-02-24,233.4633331298828,267.49334716796875,233.3333282470703,266.92333984375,266.92333984375,135322200,306.3356638590495,329.4715985107422,,
2022-02-25,269.74334716796875,273.1666564941406,260.79998779296875,269.9566650390625,269.9566650390625,76067700,303.0428863525391,329.5660650634766,,
2022-02-28,271.6700134277344,292.28668212890625,271.57000732421875,290.1433410644531,290.1433410644531,99006900,301.25255330403644,329.8655319213867,,
2022-03-01,289.8933410644531,296.6266784667969,284.59332275390625,288.1233215332031,288.1233215332031,74766900,299.194330851237,330.13759857177735,,
2022-03-02,290.7099914550781,295.49334716796875,281.42333984375,293.2966613769531,293.2966613769531,74643300,297.5207753499349,330.4251983642578,,
2022-03-03,292.92333984375,295.4800109863281,277.5333251953125,279.7633361816406,279.7633361816406,61623600,295.783442179362,330.6045318603516,,
2022-03-04,283.0333251953125,285.2166748046875,275.0533447265625,279.42999267578125,279.42999267578125,66999600,294.0281087239583,330.75903167724607,,
2022-03-07,285.4333190917969,288.71331787109375,268.19000244140625,268.1933288574219,268.1933288574219,72494100,292.4801086425781,330.75523162841796,,
2022-03-08,265.1766662597656,283.3299865722656,260.72332763671875,274.79998779296875,274.79998779296875,80399100,291.30677490234376,330.79963165283203,,
2022-03-09,279.82666015625,286.85333251953125,277.336669921875,286.3233337402344,286.3233337402344,59184000,290.6464416503906,330.93513153076174,,
2022-03-10,283.8166809082031,284.8166809082031,270.1199951171875,279.4333190917969,279.4333190917969,58648500,289.5452189127604,330.91936462402344,,
2022-03-11,280.0666809082031,281.26666259765625,264.5899963378906,265.1166687011719,265.1166687011719,67037100,289.1702189127604,330.67016448974607,,
2022-03-14,260.2033386230469,266.8999938964844,252.01333618164062,255.4566650390625,255.4566650390625,71152200,288.28155212402345,330.3438311767578,,
2022-03-15,258.42333984375,268.5233459472656,252.19000244140625,267.2966613769531,267.2966613769531,66841200,286.7834411621094,330.1307977294922,,
2022-03-16,269.6666564941406,280.6666564941406,267.4200134277344,280.07666015625,280.07666015625,84028800,285.77210795084636,329.95156433105467,,
2022-03-17,276.9966735839844,291.6666564941406,275.239990234375,290.5333251953125,290.5333251953125,66582900,285.39366353352864,329.82463104248046,,
2022-03-18,291.4966735839844,302.6166687011719,289.1300048828125,301.7966613769531,301.7966613769531,100414200,285.551996866862,329.4263977050781,,
2022-03-21,304.99334716796875,314.2833251953125,302.36334228515625,307.0533447265625,307.0533447265625,81981600,285.5279968261719,329.1021646118164,,
2022-03-22,310.0,332.6199951171875,307.25,331.32666015625,331.32666015625,105868500,286.49066365559895,328.9558978271484,,
2022-03-23,326.64666748046875,346.8999938964844,325.4666748046875,333.03668212890625,333.03668212890625,120676200,287.3474416097005,328.6961312866211,,
2022-03-24,336.57666015625,341.4966735839844,329.6000061035156,337.97332763671875,337.97332763671875,68920800,288.2576639811198,328.3625311279297,,
2022-03-25,336.0,340.6000061035156,332.44000244140625,336.8800048828125,336.8800048828125,62031600,289.4364420572917,327.70269775390625,,
2022-03-28,355.0333251953125,365.9599914550781,351.20001220703125,363.9466552734375,363.9466552734375,102506100,292.01244201660154,327.43549774169924,,
2022-03-29,369.3299865722656,371.5899963378906,357.7033386230469,366.5233459472656,366.5233459472656,73614900,294.4992197672526,327.05453125,,
2022-03-30,363.72332763671875,371.3166809082031,361.3333435058594,364.663330078125,364.663330078125,59865000,296.4054423014323,326.6014645385742,,
2022-03-31,364.8566589355469,367.71331787109375,358.8800048828125,359.20001220703125,359.20001220703125,48992700,298.11888732910154,326.119831237793,,
2022-04-01,360.3833312988281,364.9166564941406,355.5466613769531,361.5299987792969,361.5299987792969,54263100,300.4326649983724,325.85866455078127,,
2022-04-04,363.1266784667969,383.3033447265625,357.510009765625,381.8166809082031,381.8166809082031,82035900,303.6378875732422,326.2651647949219,,
2022-04-05,378.76666259765625,384.2900085449219,362.4333190917969,363.7533264160156,363.7533264160156,80075100,306.6348876953125,326.3428646850586,,
2022-04-06,357.8233337402344,359.6666564941406,342.5666809082031,348.586669921875,348.586669921875,89348400,309.7651102701823,326.2836981201172,,
2022-04-07,350.7966613769531,358.86334228515625,340.5133361816406,352.4200134277344,352.4200134277344,79447200,312.61499938964846,326.3631649780273,,
2022-04-08,347.7366638183594,349.4800109863281,340.8133239746094,341.8299865722656,341.8299865722656,55013700,315.0107767740885,326.40349822998047,,
2022-04-11,326.79998779296875,336.15667724609375,324.8800048828125,325.30999755859375,325.30999755859375,59357100,316.18299865722656,326.1408316040039,,
2022-04-12,332.5466613769531,340.39666748046875,325.5333251953125,328.98333740234375,328.98333740234375,65976000,317.5449991861979,325.8006317138672,,
2022-04-13,327.02667236328125,342.0799865722656,324.3666687011719,340.7900085449219,340.7900085449219,55121100,319.12811075846355,325.55393188476563,,
2022-04-14,333.0966796875,337.57000732421875,327.39666748046875,328.3333435058594,328.3333435058594,58422300,320.7471110026042,325.0470654296875,,
2022-04-18,329.6766662597656,338.3066711425781,324.4700012207031,334.7633361816406,334.7633361816406,51715200,322.5915557861328,324.53846557617186,,
2022-04-19,335.0199890136719,344.9800109863281,331.77667236328125,342.7166748046875,342.7166748046875,49847700,325.07566731770834,324.2688656616211,342.7166748046875,
2022-04-20,343.3333435058594,344.6666564941406,325.0833435058594,325.73333740234375,325.73333740234375,70711200,326.77344563802086,323.8061990356445,,
2022-04-21,358.24334716796875,364.0733337402344,332.1400146484375,336.260009765625,336.260009765625,105416400,328.43800150553386,323.5623989868164,,
2022-04-22,338.3033447265625,344.95001220703125,331.3333435058594,335.01666259765625,335.01666259765625,69696600,330.29077962239586,323.12259887695313,,
2022-04-25,326.3233337402344,336.2066650390625,325.1000061035156,332.67333984375,332.67333984375,68341200,332.54266866048175,322.6334655761719,,
2022-04-26,331.80999755859375,333.3333435058594,291.6666564941406,292.1400146484375,292.1400146484375,136133700,333.76544698079425,321.90486572265627,,
2022-04-27,299.52667236328125,306.0,292.4533386230469,293.836669921875,293.836669921875,76956300,334.6501139322917,321.2278991699219,,
2022-04-28,299.99334716796875,300.0,273.8999938964844,292.5033264160156,292.5033264160156,124948500,335.0643361409505,320.7696990966797,,
2022-04-29,300.75,311.4666748046875,290.0,290.2533264160156,290.2533264160156,88133100,335.0550028483073,320.3088656616211,,
2022-05-02,286.92333984375,302.1199951171875,282.6766662597656,300.9800109863281,300.9800109863281,75781500,335.0277811686198,319.8128323364258,,
2022-05-03,301.05999755859375,308.02667236328125,296.1966552734375,303.0833435058594,303.0833435058594,63709500,334.89544779459635,319.2804656982422,,
2022-05-04,301.3133239746094,318.5,295.09332275390625,317.5400085449219,317.5400085449219,81643800,334.43589274088544,319.10986572265625,,
2022-05-05,313.00665283203125,315.20001220703125,285.8999938964844,291.09332275390625,291.09332275390625,92519100,333.03778076171875,318.63069885253907,,
2022-05-06,295.6666564941406,296.0,281.03668212890625,288.54998779296875,288.54998779296875,72903000,331.3903361002604,318.2948321533203,,
2022-05-09,278.8166809082031,281.8766784667969,260.3833312988281,262.3699951171875,262.3699951171875,90810300,328.9066691080729,317.723498840332,,
2022-05-10,273.10333251953125,275.1199951171875,258.0833435058594,266.67999267578125,266.67999267578125,84401700,325.66444702148436,317.1369989013672,,
2022-05-11,265.0,269.92333984375,242.39999389648438,244.6666717529297,244.6666717529297,97224600,321.6025578816732,316.4939323425293,,
2022-05-12,233.6666717529297,253.22000122070312,226.6666717529297,242.6666717529297,242.6666717529297,140313000,317.53600260416664,315.8120324707031,,
2022-05-13,257.82666015625,262.45001220703125,250.52333068847656,256.5299987792969,256.5299987792969,92150700,314.11366882324216,315.3775323486328,,256.5299987792969
2022-05-16,255.72000122070312,256.586669921875,239.69667053222656,241.4566650390625,241.4566650390625,86098500,310.11122436523436,314.6636657714844,,
2022-05-17,249.1199951171875,254.82666015625,242.9499969482422,253.8699951171875,253.8699951171875,80236200,305.84633483886716,313.839465637207,,
2022-05-18,248.17333984375,253.5,233.60333251953125,236.60333251953125,236.60333251953125,87811800,301.6080017089844,312.6488323974609,,
2022-05-19,235.6666717529297,244.6666717529297,231.3699951171875,236.47332763671875,236.47332763671875,90296700,297.8708902994792,311.3670989990234,,
2022-05-20,237.99667358398438,240.52667236328125,211.0,221.3000030517578,221.3000030517578,144973200,293.5002232869466,309.95186569213865,,
2022-05-23,218.33999633789062,226.65333557128906,212.68666076660156,224.96665954589844,224.96665954589844,88903500,289.6047790527344,308.5808990478516,,
2022-05-24,217.8433380126953,217.97332763671875,206.85667419433594,209.3866729736328,209.3866729736328,89092500,285.7406682332357,307.1069657897949,,
2022-05-25,207.9499969482422,223.10667419433594,207.6699981689453,219.60000610351562,219.60000610351562,92139300,282.0945571899414,305.78036575317384,,
2022-05-26,220.47332763671875,239.55667114257812,217.8866729736328,235.91000366210938,235.91000366210938,106003200,278.598557027181,304.14019912719726,,
2022-05-27,241.0833282470703,253.26666259765625,240.17666625976562,253.2100067138672,253.2100067138672,89295000,276.0944458007813,302.84033264160155,,
2022-05-31,257.9466552734375,259.6000061035156,244.7433319091797,252.75332641601562,252.75332641601562,101914500,273.36077880859375,301.7407992553711,,
2022-06-01,251.72000122070312,257.32666015625,243.63999938964844,246.7899932861328,246.7899932861328,77247900,270.16322275797523,300.6596992492676,,
2022-06-02,244.1566619873047,264.2099914550781,242.06666564941406,258.3333435058594,258.3333435058594,93473100,267.9165562947591,299.819832611084,,
2022-06-03,243.22666931152344,247.79666137695312,233.4166717529297,234.51666259765625,234.51666259765625,112393800,264.52511138916014,298.63793258666993,,
2022-06-06,244.35333251953125,244.86666870117188,234.35000610351562,238.27999877929688,238.27999877929688,84204600,261.3005559285482,297.4727326965332,,
2022-06-07,234.0,239.99667358398438,230.0933380126953,238.8866729736328,238.8866729736328,72808500,258.17433369954426,296.1741995239258,,
2022-06-08,240.086669921875,249.9633331298828,239.17666625976562,241.86666870117188,241.86666870117188,76210500,256.49855550130206,295.1543328857422,,
2022-06-09,249.33999633789062,255.54666137695312,239.32666015625,239.7066650390625,239.7066650390625,96491400,254.69422200520833,294.0526995849609,,
2022-06-10,235.1566619873047,239.5,227.913330078125,232.22999572753906,232.22999572753906,97536600,252.68511098225912,292.93996627807616,,
2022-06-13,223.1666717529297,226.63333129882812,214.68333435058594,215.73666381835938,215.73666381835938,102767400,250.20122222900392,291.7784996032715,,
2022-06-14,218.2866668701172,226.3300018310547,211.73666381835938,220.88999938964844,220.88999938964844,97988700,247.53155517578125,290.66649963378904,,
2022-06-15,220.9166717529297,235.663330078125,218.14999389648438,233.0,233.0,119131800,245.19544372558593,289.8501663208008,,
2022-06-16,222.73666381835938,225.1666717529297,208.69332885742188,213.10000610351562,213.10000610351562,107390700,241.7141103108724,288.88116638183595,,
2022-06-17,213.43333435058594,220.97000122070312,213.19667053222656,216.75999450683594,216.75999450683594,92641800,239.23633270263673,287.987433013916,,
2022-06-21,224.60333251953125,243.57666015625,224.3333282470703,237.0366668701172,237.0366668701172,122793000,237.51922200520832,287.2330996704102,,
2022-06-22,234.50332641601562,246.8333282470703,233.82666015625,236.086669921875,236.086669921875,101107500,236.6431111653646,286.8302996826172,,
2022-06-23,237.9066619873047,239.31666564941406,228.6366729736328,235.07000732421875,235.07000732421875,104202600,235.58944498697917,286.35983306884765,,
2022-06-24,237.47000122070312,246.06666564941406,236.086669921875,245.7066650390625,245.7066650390625,95770800,235.62411142985027,285.6944998168945,,
2022-06-27,249.36666870117188,252.07000732421875,242.56666564941406,244.9199981689453,244.9199981689453,89178300,235.6992223103841,285.0395332336426,,
2022-06-28,244.48333740234375,249.97000122070312,232.3433380126953,232.663330078125,232.663330078125,90391200,234.9036666870117,284.34729995727537,,
2022-06-29,230.5,231.17333984375,222.27333068847656,228.49000549316406,228.49000549316406,82897200,234.47144470214843,283.6617333984375,,
2022-06-30,224.50999450683594,229.4566650390625,218.8633270263672,224.47332763671875,224.47332763671875,94600500,233.4915557861328,282.828733215332,,
2022-07-01,227.0,230.22999572753906,222.1199951171875,227.26333618164062,227.26333618164062,74460300,233.1802225748698,282.07690002441404,,
2022-07-05,223.0,233.14666748046875,216.1666717529297,233.06666564941406,233.06666564941406,84581100,233.06666717529296,281.3342332458496,,
2022-07-06,230.77999877929688,234.56333923339844,227.18666076660156,231.73333740234375,231.73333740234375,71853600,233.41444498697916,280.54490005493165,,
2022-07-07,233.9199981689453,245.3633270263672,232.2100067138672,244.5433349609375,244.5433349609375,81930600,234.06700083414714,279.97516677856447,,
2022-07-08,242.3333282470703,254.97999572753906,241.16000366210938,250.76333618164062,250.76333618164062,101854200,235.44622294108072,279.61613357543945,,
2022-07-11,252.10333251953125,253.06333923339844,233.6266632080078,234.3433380126953,234.3433380126953,99241200,235.9376673380534,279.04036682128907,,
2022-07-12,236.84666442871094,239.77333068847656,228.3699951171875,233.07000732421875,233.07000732421875,87930900,235.84300079345704,278.2963003540039,,
2022-07-13,225.5,242.05999755859375,225.03334045410156,237.0399932861328,237.0399932861328,97954500,235.3040003458659,277.5887336730957,,
2022-07-14,234.89666748046875,238.65333557128906,229.3333282470703,238.31333923339844,238.31333923339844,78557400,234.82266743977866,277.05070037841796,,
2022-07-15,240.0,243.6233367919922,236.88999938964844,240.06666564941406,240.06666564941406,69683100,234.5985565185547,276.594766998291,,
2022-07-18,244.93666076660156,250.51666259765625,239.60333251953125,240.54666137695312,240.54666137695312,82537500,234.00566711425782,276.2618003845215,,
2022-07-19,245.0,247.13999938964844,236.97666931152344,245.52999877929688,245.52999877929688,80890200,234.3727783203125,276.1703004455566,,
2022-07-20,246.78334045410156,250.663330078125,243.48333740234375,247.5,247.5,88864200,234.68011169433595,275.97606704711916,,
2022-07-21,255.10667419433594,273.26666259765625,254.86666870117188,271.7066650390625,271.7066650390625,142032300,235.77411142985025,275.99356704711914,,
2022-07-22,276.2200012207031,280.78668212890625,270.71331787109375,272.24334716796875,272.24334716796875,103472700,236.7866673787435,275.8145671081543,,
2022-07-25,272.2166748046875,274.14666748046875,267.3999938964844,268.4333190917969,268.4333190917969,64073400,237.74422251383464,275.61766708374023,,
2022-07-26,266.5133361816406,267.30999755859375,256.2633361816406,258.8599853515625,258.8599853515625,66820800,238.63188883463542,275.27330032348635,,
2022-07-27,263.80999755859375,275.9266662597656,261.7900085449219,274.82000732421875,274.82000732421875,88110000,240.60133361816406,275.22386703491213,,
2022-07-28,280.0666809082031,283.29998779296875,272.79998779296875,280.8999938964844,280.8999938964844,84723000,242.60166676839194,275.23856704711915,,
2022-07-29,280.70001220703125,298.32000732421875,279.1000061035156,297.1499938964844,297.1499938964844,95313000,244.73999989827473,275.52813369750976,,
2022-08-01,301.27667236328125,311.8766784667969,295.0,297.27667236328125,297.27667236328125,117042900,247.54588877360027,275.7529005432129,,
2022-08-02,294.0033264160156,307.8333435058594,292.6666564941406,300.586669921875,300.586669921875,95577600,250.3401112874349,275.8955339050293,,
2022-08-03,305.0,309.54998779296875,301.1499938964844,307.39666748046875,307.39666748046875,80091000,252.6854446411133,276.175167388916,,
2022-08-04,311.0,313.6066589355469,305.0,308.6333312988281,308.6333312988281,72256200,255.10366668701172,276.6103340148926,,
2022-08-05,302.6700134277344,304.6066589355469,285.5433349609375,288.1700134277344,288.1700134277344,113172900,256.87366689046223,276.9374674987793,,
2022-08-08,295.0,305.20001220703125,289.086669921875,290.42333984375,290.42333984375,98994000,258.36422271728514,277.1687342834473,,
2022-08-09,290.2933349609375,292.39666748046875,279.35333251953125,283.3333435058594,283.3333435058594,86244600,259.64466756184896,277.20130111694334,,
2022-08-10,297.0666809082031,297.510009765625,283.3699951171875,294.3566589355469,294.3566589355469,94918800,261.70111185709635,277.2395344543457,,
2022-08-11,296.5133361816406,298.2366638183594,285.8333435058594,286.6300048828125,286.6300048828125,70155000,263.6391118367513,277.0878678894043,,
2022-08-12,289.4166564941406,300.1600036621094,285.0333251953125,300.0299987792969,300.0299987792969,79657200,266.1576675415039,277.01763442993166,,
2022-08-15,301.78668212890625,313.1333312988281,301.2300109863281,309.32000732421875,309.32000732421875,89359200,268.8928899129232,276.79756790161133,,
2022-08-16,311.6666564941406,314.6666564941406,302.8833312988281,306.5633239746094,306.5633239746094,88136400,271.342778523763,276.53283432006833,,
2022-08-17,303.39666748046875,309.65667724609375,300.0333251953125,303.9966735839844,303.9966735839844,68766000,273.7515563964844,276.193067779541,,
2022-08-18,306.0,306.5,301.85333251953125,302.8699951171875,302.8699951171875,47500500,275.69577840169273,275.85296768188476,,
2022-08-19,299.0,300.3599853515625,292.5,296.6666564941406,296.6666564941406,61395300,277.22588907877605,275.1801676940918,296.6666564941406,
2022-08-22,291.913330078125,292.3999938964844,286.2966613769531,289.913330078125,289.913330078125,55843200,279.0782221476237,274.41406753540036,,
2022-08-23,291.4533386230469,298.82666015625,287.92333984375,296.4533386230469,296.4533386230469,63984900,281.19099985758464,273.7319676208496,,
2022-08-24,297.5633239746094,303.64666748046875,296.5,297.0966796875,297.0966796875,57259800,283.19288940429686,273.1109342956543,,
2022-08-25,302.3599853515625,302.9599914550781,291.6000061035156,296.07000732421875,296.07000732421875,53230000,285.1181116739909,272.4563343811035,,
2022-08-26,297.42999267578125,302.0,287.4700012207031,288.0899963378906,288.0899963378906,57163900,286.71888936360676,271.5190675354004,,
2022-08-29,282.8299865722656,287.739990234375,280.70001220703125,284.82000732421875,284.82000732421875,41864700,288.194667561849,270.72973434448244,,
2022-08-30,287.8699951171875,288.4800109863281,272.6499938964844,277.70001220703125,277.70001220703125,50541800,289.2670013427734,270.020867767334,,
2022-08-31,280.6199951171875,281.25,271.80999755859375,275.6099853515625,275.6099853515625,52107300,290.20400085449216,269.2527674865723,,
2022-09-01,272.5799865722656,277.5799865722656,266.1499938964844,277.1600036621094,277.1600036621094,54287000,290.3857788085937,268.6060676574707,,
2022-09-02,281.07000732421875,282.3500061035156,269.0799865722656,270.2099914550781,270.2099914550781,50890100,290.3180002848307,268.05506759643555,,
2022-09-06,272.67999267578125,275.989990234375,265.739990234375,274.4200134277344,274.4200134277344,55860000,290.51755676269534,267.50943435668944,,
2022-09-07,273.1000061035156,283.8399963378906,272.2699890136719,283.70001220703125,283.70001220703125,50028900,291.3455576578776,266.93853439331053,,
2022-09-08,281.29998779296875,289.5,279.760009765625,289.260009765625,289.260009765625,53713100,291.82689107259114,266.5478010559082,,
2022-09-09,291.6700134277344,299.8500061035156,291.25,299.67999267578125,299.67999267578125,54338100,292.45289103190106,266.1969676208496,,
2022-09-12,300.7200012207031,305.489990234375,300.3999938964844,304.4200134277344,304.4200134277344,48674600,292.695225016276,265.8140010070801,,
2022-09-13,292.8999938964844,297.3999938964844,290.3999938964844,292.1300048828125,292.1300048828125,68229600,292.52366943359374,265.47796768188476,,
2022-09-14,292.239990234375,306.0,291.6400146484375,302.6099853515625,302.6099853515625,72628700,292.59111328125,265.14146743774415,,
2022-09-15,301.8299865722656,309.1199951171875,300.7200012207031,303.75,303.75,64795500,292.4695576985677,264.82880081176756,,
2022-09-16,299.6099853515625,303.7099914550781,295.6000061035156,303.3500061035156,303.3500061035156,87087800,292.29344685872394,264.5355674743652,,
2022-09-19,300.0899963378906,309.8399963378906,297.79998779296875,309.07000732421875,309.07000732421875,60231200,292.9901133219401,264.70486740112307,,
2022-09-20,306.9100036621094,313.3299865722656,305.5799865722656,308.7300109863281,308.7300109863281,61642800,293.6003356933594,264.8538008117676,,
2022-09-21,308.2900085449219,313.79998779296875,300.6300048828125,300.79998779296875,300.79998779296875,62555700,294.18255716959635,264.9367674255371,,
2022-09-22,299.8599853515625,301.2900085449219,285.82000732421875,288.5899963378906,288.5899963378906,70545400,293.99033508300784,264.92013412475586,,
2022-09-23,283.0899963378906,284.5,272.82000732421875,275.3299865722656,275.3299865722656,63748400,293.61366780598956,264.66363388061524,,
2022-09-26,271.8299865722656,284.0899963378906,270.30999755859375,276.010009765625,276.010009765625,58076900,292.81300150553386,264.3929005432129,,
2022-09-27,283.8399963378906,288.6700134277344,277.510009765625,282.94000244140625,282.94000244140625,61925200,291.9336680094401,264.04690048217776,,
2022-09-28,283.0799865722656,289.0,277.57000732421875,287.80999755859375,287.80999755859375,54664800,291.3085571289063,264.0140672302246,,
2022-09-29,282.760009765625,283.6499938964844,265.7799987792969,268.2099914550781,268.2099914550781,77620600,290.11566772460935,263.8106672668457,,
2022-09-30,266.1499938964844,275.57000732421875,262.4700012207031,265.25,265.25,67726600,288.8616678873698,263.8394673156738,,
2022-10-03,254.5,255.16000366210938,241.00999450683594,242.39999389648438,242.39999389648438,98363500,287.0527791341146,263.5966673278809,,
2022-10-04,250.52000427246094,257.5,242.00999450683594,249.44000244140625,249.44000244140625,109578500,285.70366821289065,263.64440063476565,,
2022-10-05,245.00999450683594,246.6699981689453,233.27000427246094,240.80999755859375,240.80999755859375,86982700,283.84889017740886,263.62583389282224,,
2022-10-06,239.44000244140625,244.5800018310547,235.35000610351562,238.1300048828125,238.1300048828125,69298400,281.8833343505859,263.44183395385744,,
2022-10-07,233.94000244140625,234.57000732421875,222.02000427246094,223.07000732421875,223.07000732421875,83916800,279.4500010172526,263.25796737670896,,
2022-10-10,223.92999267578125,226.99000549316406,218.36000061035156,222.9600067138672,222.9600067138672,67925000,277.2790013631185,262.9488674926758,,
2022-10-11,220.9499969482422,225.75,215.0,216.5,216.5,77013200,275.00166778564454,262.74783416748045,,
2022-10-12,215.3300018310547,219.3000030517578,211.50999450683594,217.24000549316406,217.24000549316406,66860700,272.9863342285156,262.5555009460449,,
2022-10-13,208.3000030517578,222.99000549316406,206.22000122070312,221.72000122070312,221.72000122070312,91483000,271.19000142415365,262.55970092773435,,
2022-10-14,224.00999450683594,226.25999450683594,204.16000366210938,204.99000549316406,204.99000549316406,94124500,268.78433481852215,262.35993438720703,,
2022-10-17,210.0399932861328,221.86000061035156,209.4499969482422,219.35000610351562,219.35000610351562,79428800,267.08900197347003,262.45956771850587,,
2022-10-18,229.5,229.82000732421875,217.25,220.19000244140625,220.19000244140625,75891900,265.28133494059244,262.4654676818848,,
2022-10-19,219.8000030517578,222.92999267578125,217.77999877929688,222.0399932861328,222.0399932861328,66571500,263.2260009765625,262.326767578125,,
2022-10-20,208.27999877929688,215.5500030517578,202.0,207.27999877929688,207.27999877929688,117798100,260.4933339436849,261.8674674987793,,207.27999877929688
2022-10-21,206.4199981689453,214.66000366210938,203.8000030517578,214.44000244140625,214.44000244140625,75713800,257.6520009358724,261.4843342590332,,
2022-10-24,205.82000732421875,213.5,198.58999633789062,211.25,211.25,100446800,254.54633382161458,261.1289343261719,,
2022-10-25,210.10000610351562,224.35000610351562,210.0,222.4199981689453,222.4199981689453,96507900,252.22266693115233,260.76980087280276,,
2022-10-26,219.39999389648438,230.60000610351562,218.1999969482422,224.63999938964844,224.63999938964844,85012500,249.62366739908853,260.67103424072263,,
2022-10-27,229.77000427246094,233.80999755859375,222.85000610351562,225.08999633789062,225.08999633789062,61638800,247.00166727701824,260.5391342163086,,
2022-10-28,225.39999389648438,228.86000061035156,216.35000610351562,228.52000427246094,228.52000427246094,69152400,244.50733388264973,260.4354675292969,,
2022-10-31,226.19000244140625,229.85000610351562,221.94000244140625,227.5399932861328,227.5399932861328,61554300,241.78966674804687,260.2922007751465,,
2022-11-01,234.0500030517578,237.39999389648438,227.27999877929688,227.82000732421875,227.82000732421875,62688800,239.09266662597656,260.17333419799803,,
2022-11-02,226.0399932861328,227.8699951171875,214.82000732421875,214.97999572753906,214.97999572753906,63070300,236.23200022379558,260.0008341979981,,
2022-11-03,211.36000061035156,221.1999969482422,210.13999938964844,215.30999755859375,215.30999755859375,56538800,233.78933359781902,259.9965675354004,,
2022-11-04,222.60000610351562,223.8000030517578,203.0800018310547,207.47000122070312,207.47000122070312,98622200,231.52733408610027,259.86236755371095,,
2022-11-07,208.64999389648438,208.89999389648438,196.66000366210938,197.0800018310547,197.0800018310547,93916500,228.89633382161458,259.5031675720215,,
2022-11-08,194.02000427246094,195.1999969482422,186.75,191.3000030517578,191.3000030517578,128803400,225.84166717529297,259.2851675415039,,
2022-11-09,190.77999877929688,195.88999938964844,177.1199951171875,177.58999633789062,177.58999633789062,127062700,222.16766713460285,258.89346755981444,,
2022-11-10,189.89999389648438,191.0,180.02999877929688,190.72000122070312,190.72000122070312,132703000,219.5846674601237,258.4303009033203,,
2022-11-11,186.0,196.52000427246094,182.58999633789062,195.97000122070312,195.97000122070312,114403600,217.27533416748048,258.0291342163086,,
2022-11-14,192.77000427246094,195.72999572753906,186.33999633789062,190.9499969482422,190.9499969482422,92226600,215.56033426920573,257.58793411254885,,
2022-11-15,195.8800048828125,200.82000732421875,192.05999755859375,194.4199981689453,194.4199981689453,91293800,213.72633412679036,257.0750674438477,,
2022-11-16,191.50999450683594,192.57000732421875,185.66000366210938,186.9199981689453,186.9199981689453,66567600,211.93000081380208,256.49506744384763,,
2022-11-17,183.9600067138672,186.16000366210938,180.89999389648438,183.1699981689453,183.1699981689453,64336000,210.0980005900065,256.00013412475585,,
2022-11-18,185.0500030517578,185.19000244140625,176.5500030517578,180.19000244140625,180.19000244140625,76048900,208.66866709391277,255.5171340942383,,
2022-11-21,175.85000610351562,176.77000427246094,167.5399932861328,167.8699951171875,167.8699951171875,92882700,206.83233337402345,254.95110076904297,,
2022-11-22,168.6300048828125,170.9199981689453,166.19000244140625,169.91000366210938,169.91000366210938,78452300,205.27933349609376,254.37756744384765,,
2022-11-23,173.57000732421875,183.6199951171875,172.5,183.1999969482422,183.1999969482422,109536700,204.14466654459636,253.87890075683595,,
2022-11-25,185.05999755859375,185.1999969482422,180.6300048828125,182.86000061035156,182.86000061035156,50672700,202.84933319091797,253.390167388916,,
2022-11-28,179.9600067138672,188.5,179.0,182.9199981689453,182.9199981689453,92905200,202.11366628011066,252.77393402099608,,
2022-11-29,184.99000549316406,186.3800048828125,178.75,180.8300018310547,180.8300018310547,83357100,200.8296661376953,252.07460067749022,,
2022-11-30,182.42999267578125,194.75999450683594,180.6300048828125,194.6999969482422,194.6999969482422,109186400,199.97999928792316,251.6781672668457,,
2022-12-01,197.0800018310547,198.9199981689453,191.8000030517578,194.6999969482422,194.6999969482422,80046200,199.06866607666015,251.29446716308593,,
2022-12-02,191.77999877929688,196.25,191.11000061035156,194.86000061035156,194.86000061035156,73645900,198.6546661376953,250.8726672363281,,
2022-12-05,189.44000244140625,191.27000427246094,180.5500030517578,182.4499969482422,182.4499969482422,93122700,197.5883326212565,250.31403381347656,,
2022-12-06,181.22000122070312,183.64999389648438,175.3300018310547,179.82000732421875,179.82000732421875,92150800,196.54066619873046,249.7115672302246,,
2022-12-07,175.02999877929688,179.3800048828125,172.22000122070312,174.0399932861328,174.0399932861328,84213300,194.9279993693034,249.04650054931642,,
2022-12-08,172.1999969482422,175.1999969482422,169.05999755859375,173.44000244140625,173.44000244140625,97624500,193.221332804362,248.3256005859375,,
2022-12-09,173.83999633789062,182.5,173.36000061035156,179.0500030517578,179.0500030517578,104872300,191.6866663614909,247.64110061645508,,
2022-12-12,176.10000610351562,177.3699951171875,167.52000427246094,167.82000732421875,167.82000732421875,109794500,189.6633331298828,246.60223403930664,,
2022-12-13,174.8699951171875,175.0500030517578,156.91000366210938,160.9499969482422,160.9499969482422,175862700,187.44366658528645,245.4893005371094,,
2022-12-14,159.25,161.6199951171875,155.30999755859375,156.8000030517578,156.8000030517578,140682300,185.07633310953776,244.37296737670897,,
2022-12-15,153.44000244140625,160.92999267578125,153.27999877929688,157.6699981689453,157.6699981689453,122334500,183.16599985758464,243.3610675048828,,
2022-12-16,159.63999938964844,160.99000549316406,150.0399932861328,150.22999572753906,150.22999572753906,139032200,180.99666646321614,242.115167388916,,
2022-12-19,154.0,155.25,145.82000732421875,149.8699951171875,149.8699951171875,139390600,179.07666625976563,240.80486740112303,,
2022-12-20,146.0500030517578,148.47000122070312,137.66000366210938,137.8000030517578,137.8000030517578,159563300,177.10066630045574,239.21136749267578,,
2022-12-21,139.33999633789062,141.25999450683594,135.88999938964844,137.57000732421875,137.57000732421875,145417400,175.3096664428711,237.61430084228516,,
2022-12-22,136.0,136.6300048828125,122.26000213623047,125.3499984741211,125.3499984741211,210090300,173.56833318074544,235.86193412780761,,
2022-12-23,126.37000274658203,128.6199951171875,121.0199966430664,123.1500015258789,123.1500015258789,166989700,171.31599985758464,234.01946746826172,,
2022-12-27,117.5,119.66999816894531,108.76000213623047,109.0999984741211,109.0999984741211,208643400,168.42033309936522,232.02413414001464,,
2022-12-28,110.3499984741211,116.2699966430664,108.23999786376953,112.70999908447266,112.70999908447266,221070500,165.8123331705729,230.26953399658203,,
2022-12-29,120.38999938964844,123.56999969482422,117.5,121.81999969482422,121.81999969482422,221923300,163.39233322143554,228.58350059509277,,
2022-12-30,119.94999694824219,124.4800033569336,119.75,123.18000030517578,123.18000030517578,157777300,161.26766662597657,226.98196716308593,,
2023-01-03,118.47000122070312,118.80000305175781,104.63999938964844,108.0999984741211,108.0999984741211,231402800,158.76533330281575,225.11940055847168,,
2023-01-04,109.11000061035156,114.58999633789062,107.5199966430664,113.63999938964844,113.63999938964844,180389000,156.54699986775717,223.38950050354003,,
2023-01-05,110.51000213623047,111.75,107.16000366210938,110.33999633789062,110.33999633789062,157986300,154.62933324178059,221.49260047912597,,
2023-01-06,103.0,114.38999938964844,101.80999755859375,113.05999755859375,113.05999755859375,220911100,152.73433303833008,219.53000038146973,,
2023-01-09,118.95999908447266,123.5199966430664,117.11000061035156,119.7699966430664,119.7699966430664,190284000,150.61999969482423,217.6620671081543,,
2023-01-10,121.06999969482422,122.76000213623047,114.91999816894531,118.8499984741211,118.8499984741211,167642500,148.48633295694987,215.81060035705568,,
2023-01-11,122.08999633789062,125.94999694824219,120.51000213623047,123.22000122070312,123.22000122070312,183810800,146.49633305867513,214.01410041809083,,
2023-01-12,122.55999755859375,124.12999725341797,117.0,123.55999755859375,123.55999755859375,169400900,144.58733291625975,212.28303382873534,,
2023-01-13,116.55000305175781,122.62999725341797,115.5999984741211,122.4000015258789,122.4000015258789,180714100,142.17733306884764,210.60790054321288,,
2023-01-17,125.69999694824219,131.6999969482422,125.0199966430664,131.49000549316406,131.49000549316406,186477000,140.0703333536784,208.95826721191406,,
2023-01-18,136.55999755859375,136.67999267578125,127.01000213623047,128.77999877929688,128.77999877929688,195680300,137.86766662597657,207.27510040283204,,
2023-01-19,127.26000213623047,129.99000549316406,124.30999755859375,127.16999816894531,127.16999816894531,170291900,136.025,205.5861003112793,,
2023-01-20,128.67999267578125,133.50999450683594,127.3499984741211,133.4199981689453,133.4199981689453,138858100,134.47833302815755,204.03940032958985,,
2023-01-23,135.8699951171875,145.3800048828125,134.27000427246094,143.75,143.75,203119200,133.46866658528646,202.62870025634766,,
2023-01-24,143.0,146.5,141.10000610351562,143.88999938964844,143.88999938964844,158699100,132.4836664835612,201.29060012817382,,
2023-01-25,141.91000366210938,146.41000366210938,138.07000732421875,144.42999267578125,144.42999267578125,192734300,131.3296661376953,199.97880020141602,,
2023-01-26,159.97000122070312,161.4199981689453,154.75999450683594,160.27000427246094,160.27000427246094,234815100,131.0779993693034,198.80990020751952,,
2023-01-27,162.42999267578125,180.67999267578125,161.1699981689453,177.89999389648438,177.89999389648438,306590600,131.64299926757812,197.8868002319336,,
2023-01-30,178.0500030517578,179.77000427246094,166.5,166.66000366210938,166.66000366210938,230878800,131.97166595458984,196.80920013427735,,
2023-01-31,164.57000732421875,174.3000030517578,162.77999877929688,173.22000122070312,173.22000122070312,196813500,132.48999938964843,195.70440002441407,,
2023-02-01,173.88999938964844,183.80999755859375,169.92999267578125,181.41000366210938,181.41000366210938,213806300,133.52933298746746,194.6258999633789,,
2023-02-02,187.3300018310547,196.75,182.61000061035156,188.27000427246094,188.27000427246094,217448300,134.80933329264323,193.5118000793457,,
2023-02-03,183.9499969482422,199.0,183.69000244140625,189.97999572753906,189.97999572753906,232662000,136.54866638183594,192.36739990234375,,
2023-02-06,193.00999450683594,198.1699981689453,189.9199981689453,194.75999450683594,194.75999450683594,186188100,138.4549992879232,191.39369979858398,,
2023-02-07,196.42999267578125,197.5,189.5500030517578,196.80999755859375,196.80999755859375,186010300,140.8369992574056,190.3356999206543,,
2023-02-08,196.10000610351562,203.0,194.30999755859375,201.2899932861328,201.2899932861328,180673600,143.44166564941406,189.31109985351563,,
2023-02-09,207.77999877929688,214.0,204.77000427246094,207.32000732421875,207.32000732421875,215431400,146.7156659444173,188.35079986572265,,
2023-02-10,202.22999572753906,206.1999969482422,192.88999938964844,196.88999938964844,196.88999938964844,204754100,149.52166595458985,187.22899978637696,,
2023-02-13,194.4199981689453,196.3000030517578,187.61000061035156,194.63999938964844,194.63999938964844,172475500,151.94899927775066,186.08809967041014,,
2023-02-14,191.94000244140625,209.82000732421875,189.44000244140625,209.25,209.25,216455700,154.81799926757813,185.17259979248047,,
2023-02-15,211.75999450683594,214.66000366210938,206.11000061035156,214.24000549316406,214.24000549316406,181006400,158.35599950154622,184.4290998840332,,
2023-02-16,210.77999877929688,217.64999389648438,201.83999633789062,202.0399932861328,202.0399932861328,229586500,161.30266596476238,183.69619995117188,,
2023-02-17,199.99000549316406,208.44000244140625,197.5,208.30999755859375,208.30999755859375,213738500,164.56833267211914,183.01919982910155,,
2023-02-21,204.99000549316406,209.7100067138672,197.22000122070312,197.3699951171875,197.3699951171875,180018600,167.37866592407227,182.16349975585936,,
2023-02-22,197.92999267578125,201.99000549316406,191.77999877929688,200.86000061035156,200.86000061035156,191828500,170.0816660563151,181.29399978637696,,
2023-02-23,203.91000366210938,205.13999938964844,196.3300018310547,202.07000732421875,202.07000732421875,146360000,172.85566635131835,180.63259994506836,,
2023-02-24,196.3300018310547,197.6699981689453,192.8000030517578,196.8800048828125,196.8800048828125,142228100,175.310999806722,179.94889999389648,,
2023-02-27,202.02999877929688,209.4199981689453,201.25999450683594,207.6300048828125,207.6300048828125,161028300,178.11333338419595,179.60120010375977,,
2023-02-28,210.58999633789062,211.22999572753906,203.75,205.7100067138672,205.7100067138672,153144900,180.8903335571289,179.16390014648437,205.7100067138672,
2023-03-01,206.2100067138672,207.1999969482422,198.52000427246094,202.77000427246094,202.77000427246094,156852800,183.2663335164388,178.78350021362306,,
2023-03-02,186.74000549316406,193.75,186.00999450683594,190.89999389648438,190.89999389648438,181500700,185.33700002034504,178.31120010375977,,
2023-03-03,194.8000030517578,200.47999572753906,192.8800048828125,197.7899932861328,197.7899932861328,154193300,187.69099985758464,178.05839996337892,,
2023-03-06,198.5399932861328,198.60000610351562,192.3000030517578,193.80999755859375,193.80999755859375,128100100,189.7039998372396,177.76689987182618,,
2023-03-07,191.3800048828125,194.1999969482422,186.10000610351562,187.7100067138672,187.7100067138672,148125800,191.1693333943685,177.47899993896485,,
2023-03-08,185.0399932861328,186.5,180.0,182.0,182.0,151897800,192.43966674804688,177.1265998840332,,
2023-03-09,180.25,185.17999267578125,172.50999450683594,172.9199981689453,172.9199981689453,170023800,193.38933359781902,176.63859985351561,,
2023-03-10,175.1300048828125,178.2899932861328,168.44000244140625,173.44000244140625,173.44000244140625,191488900,193.82833353678384,176.32309982299805,,
2023-03-13,167.4600067138672,177.35000610351562,163.91000366210938,174.47999572753906,174.47999572753906,167790300,193.714333597819,175.87439971923828,,
2023-03-14,177.30999755859375,183.8000030517578,177.13999938964844,183.25999450683594,183.25999450683594,143717900,194.26766662597657,175.5050996398926,,
2023-03-15,180.8000030517578,182.33999633789062,176.02999877929688,180.4499969482422,180.4499969482422,145995600,194.5086664835612,175.08919967651366,,
2023-03-16,180.3699951171875,185.80999755859375,178.83999633789062,184.1300048828125,184.1300048828125,121136800,194.59933319091797,174.85769973754884,,
2023-03-17,184.52000427246094,186.22000122070312,177.3300018310547,180.1300048828125,180.1300048828125,133197100,194.3279998779297,174.5145997619629,,
2023-03-20,178.0800018310547,186.44000244140625,176.35000610351562,183.25,183.25,129684400,194.10366668701172,174.2345997619629,,
2023-03-21,188.27999877929688,198.0,188.0399932861328,197.5800018310547,197.5800018310547,153391400,194.19766693115236,173.98619979858398,,
2023-03-22,199.3000030517578,200.66000366210938,190.9499969482422,191.14999389648438,191.14999389648438,150376400,194.00900014241537,173.65129974365234,,
2023-03-23,195.25999450683594,199.30999755859375,188.64999389648438,192.22000122070312,192.22000122070312,144193900,193.7066670735677,173.32259979248047,,
2023-03-24,191.64999389648438,192.36000061035156,187.14999389648438,190.41000366210938,190.41000366210938,116312400,193.14300028483072,172.94149978637697,,
2023-03-27,194.4199981689453,197.38999938964844,189.94000244140625,191.80999755859375,191.80999755859375,120851600,192.97366689046223,172.58419982910155,,
2023-03-28,192.0,192.35000610351562,185.42999267578125,189.19000244140625,189.19000244140625,98654600,192.79200032552083,172.19789978027345,,
2023-03-29,193.1300048828125,195.2899932861328,189.44000244140625,193.8800048828125,193.8800048828125,123660000,192.27966715494793,171.98689987182618,,
2023-03-30,195.5800018310547,197.3300018310547,194.4199981689453,195.27999877929688,195.27999877929688,110252200,191.64766693115234,171.7865998840332,,
2023-03-31,197.52999877929688,207.7899932861328,197.1999969482422,207.4600067138672,207.4600067138672,170222100,191.82833404541014,171.78649993896485,,
2023-04-03,199.91000366210938,202.69000244140625,192.1999969482422,194.77000427246094,194.77000427246094,169545900,191.3770009358724,171.7633999633789,,
2023-04-04,197.32000732421875,198.74000549316406,190.32000732421875,192.5800018310547,192.5800018310547,126463800,191.2173344930013,171.77619995117186,,
2023-04-05,190.52000427246094,190.67999267578125,183.75999450683594,185.52000427246094,185.52000427246094,133882500,190.70600128173828,171.8555000305176,,
2023-04-06,183.0800018310547,186.38999938964844,179.74000549316406,185.05999755859375,185.05999755859375,123857900,190.13900095621744,171.7988999938965,,
2023-04-10,179.94000244140625,185.10000610351562,176.11000061035156,184.50999450683594,184.50999450683594,142154600,189.72666727701824,171.6842999267578,,
2023-04-11,186.69000244140625,189.19000244140625,185.64999389648438,186.7899932861328,186.7899932861328,115770900,189.03200022379556,171.64269989013673,,
2023-04-12,190.74000549316406,191.5800018310547,180.30999755859375,180.5399932861328,180.5399932861328,150256300,188.19299977620443,171.5038998413086,,
2023-04-13,182.9600067138672,186.5,180.94000244140625,185.89999389648438,185.89999389648438,112933000,187.63066609700522,171.49369979858398,,
2023-04-14,183.9499969482422,186.27999877929688,182.00999450683594,185.0,185.0,96438700,187.43399963378906,171.51199981689453,,
2023-04-17,186.32000732421875,189.69000244140625,182.69000244140625,187.0399932861328,187.0399932861328,116662200,187.07566630045574,171.5804997253418,,
2023-04-18,187.14999389648438,187.69000244140625,183.5800018310547,184.30999755859375,184.30999755859375,92067000,186.75899963378907,171.74489974975586,,
2023-04-19,179.10000610351562,183.5,177.64999389648438,180.58999633789062,180.58999633789062,125732700,186.52166595458985,171.85169967651368,,
2023-04-20,166.1699981689453,169.6999969482422,160.55999755859375,162.99000549316406,162.99000549316406,210970800,185.88799947102865,171.6495997619629,,
2023-04-21,164.8000030517578,166.0,161.32000732421875,165.0800018310547,165.0800018310547,123539000,185.6266662597656,171.4717997741699,,
2023-04-24,164.64999389648438,165.64999389648438,158.61000061035156,162.5500030517578,162.5500030517578,140006600,185.26366628011067,171.26809982299804,,
2023-04-25,159.82000732421875,163.47000122070312,158.75,160.6699981689453,160.6699981689453,121999300,184.80333302815754,171.06649978637697,,
2023-04-26,160.2899932861328,160.6699981689453,153.13999938964844,153.75,153.75,153364100,183.81966654459634,170.65699981689454,,
2023-04-27,152.63999938964844,160.47999572753906,152.3699951171875,160.19000244140625,160.19000244140625,127015200,183.1443333943685,170.31189987182617,,
2023-04-28,160.89999389648438,165.0,157.32000732421875,164.30999755859375,164.30999755859375,122515800,182.4836664835612,170.0063998413086,,
2023-05-01,163.1699981689453,163.27999877929688,158.8300018310547,161.8300018310547,161.8300018310547,109015000,181.87366638183593,169.80019989013672,,
2023-05-02,161.8800048828125,165.49000549316406,158.92999267578125,160.30999755859375,160.30999755859375,128259700,181.10899963378907,169.60509979248047,,
2023-05-03,160.00999450683594,165.0,159.91000366210938,160.61000061035156,160.61000061035156,119728000,179.8766662597656,169.47079986572265,,
2023-05-04,162.7100067138672,162.9499969482422,159.64999389648438,161.1999969482422,161.1999969482422,95108500,178.87833302815756,169.34839981079102,,
2023-05-05,163.97000122070312,170.7899932861328,163.50999450683594,170.05999755859375,170.05999755859375,107440900,178.13966623942056,169.25849975585936,,
2023-05-08,173.72000122070312,173.8000030517578,169.19000244140625,171.7899932861328,171.7899932861328,112249400,177.518999226888,169.29819961547852,,
2023-05-09,168.9499969482422,169.82000732421875,166.55999755859375,169.14999389648438,169.14999389648438,88965000,176.76366577148437,169.38019958496093,,
2023-05-10,172.5500030517578,174.42999267578125,166.67999267578125,168.5399932861328,168.5399932861328,119840700,176.07533213297526,169.49759948730468,,
2023-05-11,168.6999969482422,173.57000732421875,166.7899932861328,172.0800018310547,172.0800018310547,103889900,175.34866536458333,169.64169952392578,,
2023-05-12,176.07000732421875,177.3800048828125,167.22999572753906,167.97999572753906,167.97999572753906,157577100,174.43866526285808,169.8191995239258,,
2023-05-15,167.66000366210938,169.75999450683594,164.5500030517578,166.35000610351562,166.35000610351562,105592500,173.06833190917968,169.98399963378907,,
2023-05-16,165.64999389648438,169.52000427246094,164.35000610351562,166.52000427246094,166.52000427246094,98288800,172.126665242513,170.2711996459961,,
2023-05-17,168.41000366210938,174.5,167.19000244140625,173.86000061035156,173.86000061035156,125473600,171.5026652018229,170.63409957885742,,
2023-05-18,174.22000122070312,177.05999755859375,172.4499969482422,176.88999938964844,176.88999938964844,109520300,171.21499837239583,171.1494995880127,,
2023-05-19,177.1699981689453,181.9499969482422,176.30999755859375,180.13999938964844,180.13999938964844,136024200,171.05099843343098,171.7193995666504,,180.13999938964844
2023-05-22,180.6999969482422,189.32000732421875,180.11000061035156,188.8699951171875,188.8699951171875,132001400,171.1963317871094,172.51709953308105,,
2023-05-23,186.1999969482422,192.9600067138672,185.25999450683594,185.77000427246094,185.77000427246094,156952100,171.1623321533203,173.24769958496094,,
2023-05-24,182.22999572753906,184.22000122070312,178.22000122070312,182.89999389648438,182.89999389648438,137605100,171.24099884033203,173.85849952697754,,
2023-05-25,186.5399932861328,186.77999877929688,180.5800018310547,184.47000122070312,184.47000122070312,96870700,171.19333241780598,174.47139953613282,,
2023-05-26,184.6199951171875,198.60000610351562,184.52999877929688,193.1699981689453,193.1699981689453,162061500,171.46566569010417,175.32209953308106,,
2023-05-30,200.10000610351562,204.47999572753906,197.52999877929688,201.16000366210938,201.16000366210938,128818700,171.93633270263672,176.19729957580566,,
2023-05-31,199.77999877929688,203.9499969482422,195.1199951171875,203.92999267578125,203.92999267578125,150711700,172.5903325398763,177.13319953918457,,
2023-06-01,202.58999633789062,209.8000030517578,199.3699951171875,207.52000427246094,207.52000427246094,148029900,173.48799947102864,178.07779960632325,,
2023-06-02,210.14999389648438,217.25,209.75,213.97000122070312,213.97000122070312,164129000,175.1873326619466,179.0197996520996,,
2023-06-05,217.8000030517578,221.2899932861328,214.52000427246094,217.61000061035156,217.61000061035156,151143100,176.9383326212565,180.00739967346192,,
2023-06-06,216.13999938964844,221.91000366210938,212.52999877929688,221.30999755859375,221.30999755859375,146911600,178.8969991048177,180.98829963684082,,
2023-06-07,228.0,230.8300018310547,223.1999969482422,224.57000732421875,224.57000732421875,185710800,181.0269994099935,181.99839973449707,,
2023-06-08,224.22000122070312,235.22999572753906,223.00999450683594,234.86000061035156,234.86000061035156,164489700,183.7306660970052,183.1229997253418,234.86000061035156,
2023-06-09,249.07000732421875,252.4199981689453,242.02000427246094,244.39999389648438,244.39999389648438,199882300,186.53766581217448,184.252099609375,,
2023-06-12,247.94000244140625,250.97000122070312,244.58999633789062,249.8300018310547,249.8300018310547,150337900,189.38833262125652,185.46259963989257,,
2023-06-13,253.50999450683594,259.67999267578125,251.33999633789062,258.7099914550781,258.7099914550781,162384300,192.61766560872397,186.7779995727539,,
2023-06-14,260.1700134277344,261.57000732421875,250.5,256.7900085449219,256.7900085449219,170575500,195.8336659749349,188.01169967651367,,
2023-06-15,248.39999389648438,258.95001220703125,247.2899932861328,255.89999389648438,255.89999389648438,160171200,199.00999908447267,189.1331996154785,,
2023-06-16,258.9200134277344,263.6000061035156,257.2099914550781,260.5400085449219,260.5400085449219,167563700,202.321332804362,190.29969970703124,,
2023-06-20,261.5,274.75,261.1199951171875,274.45001220703125,274.45001220703125,165611200,205.8009999593099,191.59989990234374,,
2023-06-21,275.1300048828125,276.989990234375,257.7799987792969,259.4599914550781,259.4599914550781,211797100,208.72333323160808,192.5917997741699,,
2023-06-22,250.77000427246094,265.0,248.25,264.6099853515625,264.6099853515625,166875900,211.90533294677735,193.4588996887207,,
2023-06-23,259.2900085449219,262.45001220703125,252.8000030517578,256.6000061035156,256.6000061035156,176584100,214.84066670735677,194.35829971313476,,
2023-06-26,250.07000732421875,258.3699951171875,240.6999969482422,241.0500030517578,241.0500030517578,179990600,217.13966674804686,195.0365997314453,,
2023-06-27,243.24000549316406,250.38999938964844,240.85000610351562,250.2100067138672,250.2100067138672,164968200,219.88066711425782,195.72459976196288,,
2023-06-28,249.6999969482422,259.8800048828125,248.88999938964844,256.239990234375,256.239990234375,159770800,222.8769999186198,196.40429962158203,,
2023-06-29,258.0299987792969,260.739990234375,253.61000061035156,257.5,257.5,131283400,225.9096664428711,197.07949966430664,,
2023-06-30,260.6000061035156,264.45001220703125,259.8900146484375,261.7699890136719,261.7699890136719,112267600,228.83999938964843,197.749599609375,,
2023-07-03,276.489990234375,284.25,275.1099853515625,279.82000732421875,279.82000732421875,119685900,232.2709996541341,198.57969970703124,,
2023-07-05,278.82000732421875,283.8500061035156,277.6000061035156,282.4800109863281,282.4800109863281,131530900,235.68233337402344,199.3915998840332,,
2023-07-06,278.0899963378906,279.9700012207031,272.8800048828125,276.5400085449219,276.5400085449219,120332100,238.60466715494792,200.08379989624024,,
2023-07-07,278.42999267578125,280.7799987792969,273.7699890136719,274.42999267578125,274.42999267578125,113602000,241.56000010172525,200.85919982910156,,
2023-07-10,276.4700012207031,277.5199890136719,265.1000061035156,269.6099853515625,269.6099853515625,119425400,244.45033315022786,201.6088996887207,,
2023-07-11,268.6499938964844,270.8999938964844,266.3699951171875,269.7900085449219,269.7900085449219,91972400,247.2943333943685,202.21429977416992,,
2023-07-12,276.3299865722656,276.5199890136719,271.4599914550781,271.989990234375,271.989990234375,95672100,249.92166646321616,202.79179962158204,,
2023-07-13,274.5899963378906,279.45001220703125,270.6000061035156,277.8999938964844,277.8999938964844,112681500,252.47966613769532,203.55039962768555,,
2023-07-14,277.010009765625,285.29998779296875,276.30999755859375,281.3800048828125,281.3800048828125,119771100,255.06133321126302,204.28109970092774,,
2023-07-17,286.6300048828125,292.2300109863281,283.57000732421875,290.3800048828125,290.3800048828125,131569600,257.82333323160805,205.21119979858398,,
2023-07-18,290.1499938964844,295.260009765625,286.010009765625,293.3399963378906,293.3399963378906,112434700,260.46899973551433,206.1359997558594,,
2023-07-19,296.0400085449219,299.2900085449219,289.5199890136719,291.260009765625,291.260009765625,142355400,262.9240000406901,207.02789978027343,,
2023-07-20,279.55999755859375,280.92999267578125,261.20001220703125,262.8999938964844,262.8999938964844,175158300,264.3103332519531,207.68809967041017,,
2023-07-21,268.0,268.0,255.8000030517578,260.0199890136719,260.0199890136719,161050100,265.49199930826825,208.21199951171874,,
2023-07-24,255.85000610351562,269.8500061035156,254.1199951171875,269.05999755859375,269.05999755859375,136508500,266.63199920654296,208.84549942016602,,
2023-07-25,272.3800048828125,272.8999938964844,265.0,265.2799987792969,265.2799987792969,112757300,267.32799936930337,209.47059936523436,,
2023-07-26,263.25,268.0400085449219,261.75,264.3500061035156,264.3500061035156,95856200,267.81199951171874,210.2050994873047,,
2023-07-27,268.30999755859375,269.1300048828125,255.3000030517578,255.7100067138672,255.7100067138672,103697300,267.71200002034504,210.78429962158202,,
2023-07-28,259.8599853515625,267.25,258.2300109863281,266.44000244140625,266.44000244140625,111446000,268.0336664835612,211.51059967041016,,
2023-07-31,267.4800109863281,269.0799865722656,263.7799987792969,267.42999267578125,267.42999267578125,84582200,268.41799977620445,212.30779953002929,,
2023-08-01,266.260009765625,266.4700012207031,260.25,261.07000732421875,261.07000732421875,83166000,268.43566640218097,213.09849960327148,,
2023-08-02,255.57000732421875,259.5199890136719,250.49000549316406,254.11000061035156,254.11000061035156,101752900,267.757666015625,213.91039962768554,,
2023-08-03,252.0399932861328,260.489990234375,252.0,259.32000732421875,259.32000732421875,97569100,267.7529998779297,214.76919967651367,,
2023-08-04,260.9700012207031,264.7699890136719,253.11000061035156,253.86000061035156,253.86000061035156,99242600,267.39466705322263,215.5629997253418,,
2023-08-07,251.4499969482422,253.64999389648438,242.75999450683594,251.4499969482422,251.4499969482422,111097900,267.22300008138023,216.24489974975586,,
2023-08-08,247.4499969482422,250.9199981689453,245.00999450683594,249.6999969482422,249.6999969482422,96642200,267.51133321126304,216.93739974975585,,
2023-08-09,250.8699951171875,251.10000610351562,241.89999389648438,242.19000244140625,242.19000244140625,101596300,267.2439997355143,217.5179997253418,,
2023-08-10,245.39999389648438,251.8000030517578,243.0,245.33999633789062,245.33999633789062,109498600,266.8806666056315,218.17009963989258,,
2023-08-11,241.77000427246094,243.7899932861328,238.02000427246094,242.64999389648438,242.64999389648438,98866600,266.385666402181,218.7640995788574,,
2023-08-14,235.6999969482422,240.66000366210938,233.75,239.75999450683594,239.75999450683594,98595300,265.65199991861977,219.18589950561523,,
2023-08-15,238.72999572753906,240.5,232.61000061035156,232.9600067138672,232.9600067138672,88197600,264.08999989827475,219.60399963378907,,
2023-08-16,228.02000427246094,233.97000122070312,225.3800048828125,225.60000610351562,225.60000610351562,112484500,262.1939997355143,219.9377996826172,,
2023-08-17,226.05999755859375,226.74000549316406,218.8300018310547,219.22000122070312,219.22000122070312,120718400,260.28333282470703,220.22589965820313,,
2023-08-18,214.1199951171875,217.5800018310547,212.36000061035156,215.49000549316406,215.49000549316406,135813700,258.31866658528645,220.46269973754883,,
2023-08-21,221.5500030517578,232.1300048828125,220.5800018310547,231.27999877929688,231.27999877929688,135702700,257.04100036621094,220.88359970092773,,
2023-08-22,240.25,240.82000732421875,229.5500030517578,233.19000244140625,233.19000244140625,130597900,255.8210001627604,221.27669967651366,,
2023-08-23,229.33999633789062,238.97999572753906,229.2899932861328,236.86000061035156,236.86000061035156,101077600,254.6500005086263,221.69249969482422,,
2023-08-24,238.66000366210938,238.9199981689453,228.17999267578125,230.0399932861328,230.0399932861328,99777400,253.0546671549479,221.91829956054687,,
2023-08-25,231.30999755859375,239.0,230.35000610351562,238.58999633789062,238.58999633789062,106612200,251.62833353678386,222.35649948120118,,
2023-08-28,242.5800018310547,244.3800048828125,235.35000610351562,238.82000732421875,238.82000732421875,107673700,249.9096669514974,222.81889953613282,,
2023-08-29,238.5800018310547,257.4800109863281,237.77000427246094,257.17999267578125,257.17999267578125,134047600,248.70433349609374,223.53549942016602,,
2023-08-30,254.1999969482422,260.510009765625,250.58999633789062,256.8999938964844,256.8999938964844,121988400,247.55899963378906,224.25389938354493,,
2023-08-31,255.97999572753906,261.17999267578125,255.0500030517578,258.0799865722656,258.0799865722656,108861700,247.39833272298176,224.98959930419923,,
2023-09-01,257.260009765625,259.0799865722656,242.00999450683594,245.00999450683594,245.00999450683594,132272500,246.89799957275392,225.57179931640624,,
2023-09-05,245.0,258.0,244.86000061035156,256.489990234375,256.489990234375,129469600,246.47899932861327,226.33129928588866,,
2023-09-06,255.13999938964844,255.38999938964844,245.05999755859375,251.9199981689453,251.9199981689453,116959800,246.0336659749349,226.9914993286133,,
2023-09-07,245.07000732421875,252.80999755859375,243.27000427246094,251.49000549316406,251.49000549316406,115312900,245.60499928792316,227.6563993835449,,
2023-09-08,251.22000122070312,256.5199890136719,246.6699981689453,248.5,248.5,118367700,245.36466573079426,228.2709994506836,,
2023-09-11,264.2699890136719,274.8500061035156,260.6099853515625,273.5799865722656,273.5799865722656,174667900,245.60266520182293,229.1636993408203,,
2023-09-12,270.760009765625,278.3900146484375,266.6000061035156,267.4800109863281,267.4800109863281,135999900,245.60433247884114,230.03259948730468,,
2023-09-13,270.07000732421875,274.9800109863281,268.1000061035156,271.29998779296875,271.29998779296875,111673700,245.9453318277995,231.11569931030274,,
2023-09-14,271.32000732421875,276.7099914550781,270.4200134277344,276.0400085449219,276.0400085449219,107709800,246.67633209228515,232.22529937744142,,
2023-09-15,277.54998779296875,278.9800109863281,271.0,274.3900146484375,274.3900146484375,133422800,247.1786656697591,233.3436994934082,,
2023-09-18,271.1600036621094,271.44000244140625,263.760009765625,265.2799987792969,265.2799987792969,101543300,247.55933227539063,234.38979949951172,,
2023-09-19,264.3500061035156,267.8500061035156,261.20001220703125,266.5,266.5,103704000,248.06099904378254,235.51729949951172,,
2023-09-20,267.0400085449219,273.92999267578125,262.4599914550781,262.5899963378906,262.5899963378906,122514600,248.49066569010418,236.54129943847656,,
2023-09-21,257.8500061035156,260.8599853515625,254.2100067138672,255.6999969482422,255.6999969482422,119531000,248.94099884033204,237.45519943237304,,
2023-09-22,257.3999938964844,257.7900085449219,244.47999572753906,244.8800048828125,244.8800048828125,127524100,248.92566579182943,238.28569946289062,,
2023-09-25,243.3800048828125,247.10000610351562,238.30999755859375,246.99000549316406,246.99000549316406,104636600,249.0703328450521,239.15249954223634,,
2023-09-26,242.97999572753906,249.5500030517578,241.66000366210938,244.1199951171875,244.1199951171875,101993600,249.21566619873047,239.9875994873047,,
2023-09-27,244.25999450683594,245.3300018310547,234.5800018310547,240.5,240.5,136597200,249.46699930826824,240.78059951782225,,
2023-09-28,240.02000427246094,247.5500030517578,238.64999389648438,246.3800048828125,246.3800048828125,117058900,250.1596659342448,241.54379959106444,,
2023-09-29,250.0,254.77000427246094,246.35000610351562,250.22000122070312,250.22000122070312,128346200,251.19299926757813,242.32809967041015,,
2023-10-02,244.80999755859375,254.27999877929688,242.6199951171875,251.60000610351562,251.60000610351562,123810400,252.39666595458985,243.15259979248046,,
2023-10-03,248.61000061035156,250.02000427246094,244.4499969482422,246.52999877929688,246.52999877929688,101985300,252.90499928792318,243.93249984741212,,
2023-10-04,248.13999938964844,261.8599853515625,247.60000610351562,261.1600036621094,261.1600036621094,129721600,253.83733266194662,244.82329986572265,,
2023-10-05,260.0,263.6000061035156,256.25,260.04998779296875,260.04998779296875,119159200,254.6103322347005,245.74399978637695,,
2023-10-06,253.97999572753906,261.6499938964844,250.64999389648438,260.5299987792969,260.5299987792969,117947000,255.6266657511393,246.68579971313477,,
2023-10-09,255.30999755859375,261.3599853515625,252.0500030517578,259.6700134277344,259.6700134277344,101377900,256.32933298746747,247.6172998046875,,
2023-10-10,257.75,268.94000244140625,257.6499938964844,263.6199951171875,263.6199951171875,122656000,257.15599924723307,248.51489974975587,,
2023-10-11,266.20001220703125,268.6000061035156,260.8999938964844,262.989990234375,262.989990234375,103706300,257.3496658325195,249.37589965820314,,
2023-10-12,262.9200134277344,265.4100036621094,256.6300048828125,258.8699951171875,258.8699951171875,111508100,257.4153325398763,250.1631996154785,,
2023-10-13,258.8999938964844,259.6000061035156,250.22000122070312,251.1199951171875,251.1199951171875,102073800,257.183332824707,250.7856996154785,,
2023-10-16,250.0500030517578,255.39999389648438,248.47999572753906,253.9199981689453,253.9199981689453,88917200,257.48033294677737,251.46719955444337,,
2023-10-17,250.10000610351562,257.17999267578125,247.0800018310547,254.85000610351562,254.85000610351562,93562900,257.42566680908203,252.18669967651368,,
2023-10-18,252.6999969482422,254.6300048828125,242.0800018310547,242.67999267578125,242.67999267578125,125147800,257.11766662597654,252.76879959106446,,
2023-10-19,225.9499969482422,230.61000061035156,216.77999877929688,220.11000061035156,220.11000061035156,170772700,256.07166646321616,253.0381996154785,,
2023-10-20,217.00999450683594,218.86000061035156,210.4199981689453,211.99000549316406,211.99000549316406,137734000,254.85466664632162,253.14649963378906,,
2023-10-23,210.0,216.97999572753906,202.50999450683594,212.0800018310547,212.0800018310547,150683400,252.8046671549479,253.2279997253418,,212.0800018310547
2023-10-24,216.5,222.0500030517578,214.11000061035156,216.52000427246094,216.52000427246094,118231100,251.1060002644857,253.3179997253418,,
2023-10-25,215.8800048828125,220.10000610351562,212.1999969482422,212.4199981689453,212.4199981689453,107065100,249.1433339436849,253.3024996948242,,
2023-10-26,211.32000732421875,214.8000030517578,204.8800048828125,205.75999450683594,205.75999450683594,115112600,246.80066680908203,253.18399963378906,,
2023-10-27,210.60000610351562,212.41000366210938,205.77000427246094,207.3000030517578,207.3000030517578,94881200,244.5643330891927,253.0438996887207,,
2023-10-30,209.27999877929688,210.8800048828125,194.6699981689453,197.36000061035156,197.36000061035156,136448200,242.30033315022786,252.77179962158203,,
2023-10-31,196.1199951171875,202.8000030517578,194.07000732421875,200.83999633789062,200.83999633789062,118068300,240.11166636149088,252.43159957885743,,
2023-11-01,204.0399932861328,205.99000549316406,197.85000610351562,205.66000366210938,205.66000366210938,121661700,238.21399993896483,252.04419967651367,,
2023-11-02,212.97000122070312,219.1999969482422,211.4499969482422,218.50999450683594,218.50999450683594,125987600,236.97433319091797,251.73099960327147,,
2023-11-03,221.14999389648438,226.3699951171875,218.39999389648438,219.9600067138672,219.9600067138672,119281000,236.14366658528647,251.34349975585937,,
2023-11-06,223.97999572753906,226.32000732421875,215.0,219.27000427246094,219.27000427246094,117335800,235.21966654459635,250.96829971313477,,
2023-11-07,219.97999572753906,223.1199951171875,215.72000122070312,222.17999267578125,222.17999267578125,116900100,234.48833312988282,250.63109970092773,,
2023-11-08,223.14999389648438,224.14999389648438,217.63999938964844,222.11000061035156,222.11000061035156,106584800,233.87533315022787,250.24679962158203,,
2023-11-09,219.75,220.8000030517578,206.67999267578125,209.97999572753906,209.97999572753906,142110500,232.66199951171876,249.6020994567871,,
2023-11-10,210.02999877929688,215.3800048828125,205.69000244140625,214.64999389648438,214.64999389648438,130994000,231.47633260091146,249.15399948120117,,
2023-11-13,215.60000610351562,225.39999389648438,211.61000061035156,223.7100067138672,223.7100067138672,140447600,230.54666595458986,248.74499969482423,,
2023-11-14,235.02999877929688,238.13999938964844,230.72000122070312,237.41000366210938,237.41000366210938,149771600,230.24266611735027,248.55309967041015,,
2023-11-15,239.2899932861328,246.6999969482422,236.4499969482422,242.83999633789062,242.83999633789062,150354000,229.63199920654296,248.57099960327147,,
2023-11-16,239.49000549316406,240.8800048828125,230.9600067138672,233.58999633789062,233.58999633789062,136816800,228.7499994913737,248.4047994995117,,
2023-11-17,232.0,237.38999938964844,226.5399932861328,234.3000030517578,234.3000030517578,142532800,227.87566630045572,248.18539962768554,,
2023-11-20,234.0399932861328,237.10000610351562,231.02000427246094,235.60000610351562,235.60000610351562,116320100,227.07333272298177,247.9663996887207,,
2023-11-21,235.0399932861328,243.6199951171875,233.33999633789062,241.1999969482422,241.1999969482422,122288000,226.32599945068358,247.76069976806642,,
2023-11-22,242.0399932861328,244.00999450683594,231.39999389648438,234.2100067138672,234.2100067138672,117950600,225.36666666666667,247.3045997619629,,
2023-11-24,233.75,238.75,232.3300018310547,235.4499969482422,235.4499969482422,65125200,224.58600006103515,246.83429962158203,,
2023-11-27,236.88999938964844,238.3300018310547,232.10000610351562,236.0800018310547,236.0800018310547,112031800,224.08466695149738,246.42969955444335,,
2023-11-28,236.67999267578125,247.0,234.00999450683594,246.72000122070312,246.72000122070312,148549900,223.84466705322265,246.15259963989257,,
2023-11-29,249.2100067138672,252.75,242.75999450683594,244.13999938964844,244.13999938964844,135401300,223.48766682942707,245.89789978027343,,
2023-11-30,245.13999938964844,245.22000122070312,236.91000366210938,240.0800018310547,240.0800018310547,132353200,223.4010004679362,245.60079971313476,,
2023-12-01,233.13999938964844,240.19000244140625,231.89999389648438,238.8300018310547,238.8300018310547,121173500,224.0250005086263,245.26919982910155,,
2023-12-04,235.75,239.3699951171875,233.2899932861328,235.5800018310547,235.5800018310547,104099800,224.81133371988932,244.84599990844725,,
2023-12-05,233.8699951171875,246.66000366210938,233.6999969482422,238.72000122070312,238.72000122070312,137971100,225.69933369954427,244.41939987182616,,
2023-12-06,242.9199981689453,246.57000732421875,239.1699981689453,239.3699951171875,239.3699951171875,126436200,226.46100006103515,243.9092997741699,,
2023-12-07,241.5500030517578,244.0800018310547,236.97999572753906,242.63999938964844,242.63999938964844,107142300,227.46833343505858,243.4022998046875,,
2023-12-08,240.27000427246094,245.27000427246094,239.27000427246094,243.83999633789062,243.83999633789062,102980100,228.73766682942707,242.92809967041015,,
2023-12-11,242.74000549316406,243.44000244140625,237.4499969482422,239.74000549316406,239.74000549316406,97913900,229.81900024414062,242.69649978637696,,
2023-12-12,238.5500030517578,238.99000549316406,233.8699951171875,237.00999450683594,237.00999450683594,95328300,231.14066670735676,242.4663998413086,,
2023-12-13,234.19000244140625,240.3000030517578,228.1999969482422,239.2899932861328,239.2899932861328,146286300,232.42233327229818,242.168699798584,,
2023-12-14,241.22000122070312,253.8800048828125,240.7899932861328,251.0500030517578,251.0500030517578,160829200,233.93533325195312,242.0263998413086,,
2023-12-15,251.2100067138672,254.1300048828125,248.3000030517578,253.5,253.5,135720800,235.10166676839194,241.91789978027344,,
2023-12-18,253.77999877929688,258.739990234375,251.36000061035156,252.0800018310547,252.0800018310547,116416500,236.17233327229818,241.8815997314453,,
2023-12-19,253.47999572753906,258.3399963378906,253.00999450683594,257.2200012207031,257.2200012207031,106737400,237.4373331705729,241.78939971923828,,
2023-12-20,256.4100036621094,259.8399963378906,247.0,247.13999938964844,247.13999938964844,125097000,238.2693333943685,241.58649978637695,,
2023-12-21,251.89999389648438,254.8000030517578,248.5500030517578,254.5,254.5,109594200,239.3490000406901,241.52079971313478,,
2023-12-22,256.760009765625,258.2200012207031,251.3699951171875,252.5399932861328,252.5399932861328,93249800,240.76766662597657,241.5050996398926,,
2023-12-26,254.49000549316406,257.9700012207031,252.91000366210938,256.6099853515625,256.6099853515625,86892400,242.1663330078125,241.47799942016601,256.6099853515625,
2023-12-27,258.3500061035156,263.3399963378906,257.5199890136719,261.44000244140625,261.44000244140625,106494400,243.4239995320638,241.55379943847657,,
2023-12-28,263.6600036621094,265.1300048828125,252.7100067138672,253.17999267578125,253.17999267578125,113619900,243.94966583251954,241.57109939575196,,
2023-12-29,255.10000610351562,255.19000244140625,247.42999267578125,248.47999572753906,248.47999572753906,100615300,244.13766581217448,241.5588993835449,,
2024-01-02,250.0800018310547,251.25,244.41000366210938,248.4199981689453,248.4199981689453,104654200,244.63199920654296,241.6211993408203,,
2024-01-03,244.97999572753906,245.67999267578125,236.32000732421875,238.4499969482422,238.4499969482422,121082600,244.77033233642578,241.55229934692383,,
2024-01-04,239.25,242.6999969482422,237.72999572753906,237.92999267578125,237.92999267578125,102629300,244.8479985555013,241.5050993347168,,
2024-01-05,236.86000061035156,240.1199951171875,234.89999389648438,237.49000549316406,237.49000549316406,92379400,244.72433217366537,241.48239944458007,,
2024-01-08,236.13999938964844,241.25,235.3000030517578,240.4499969482422,240.4499969482422,85166600,244.93233184814454,241.55729934692383,,
2024-01-09,238.11000061035156,238.9600067138672,232.0399932861328,234.9600067138672,234.9600067138672,96705700,244.91599884033204,241.65089935302734,,
2024-01-10,235.10000610351562,235.5,231.2899932861328,233.94000244140625,233.94000244140625,91628500,244.84466552734375,241.79809936523438,,
2024-01-11,230.57000732421875,230.92999267578125,225.3699951171875,227.22000122070312,227.22000122070312,105873600,244.19466552734374,241.91539932250976,,
2024-01-12,220.0800018310547,225.33999633789062,217.14999389648438,218.88999938964844,218.88999938964844,122889000,243.35299886067708,241.79149932861327,,
2024-01-16,215.10000610351562,223.49000549316406,212.17999267578125,219.91000366210938,219.91000366210938,115355000,242.6806655883789,241.6586993408203,,
2024-01-17,214.86000061035156,215.6699981689453,212.00999450683594,215.5500030517578,215.5500030517578,103164400,241.904665629069,241.4455993652344,,
2024-01-18,216.8800048828125,217.4499969482422,208.74000549316406,211.8800048828125,211.8800048828125,108595400,241.11466573079426,241.26399948120118,,211.8800048828125
2024-01-19,209.99000549316406,213.19000244140625,207.55999755859375,212.19000244140625,212.19000244140625,102095800,240.23033243815104,240.99999954223634,,
2024-01-22,212.25999450683594,217.8000030517578,206.27000427246094,208.8000030517578,208.8000030517578,117952500,239.21133270263672,240.69979949951173,,
2024-01-23,211.3000030517578,215.64999389648438,207.75,209.13999938964844,209.13999938964844,106605900,238.09466603597005,240.2193995666504,,
2024-01-24,211.8800048828125,212.72999572753906,206.77000427246094,207.8300018310547,207.8300018310547,123369900,236.8943328857422,239.7286996459961,,
2024-01-25,189.6999969482422,193.0,180.05999755859375,182.6300048828125,182.6300048828125,198076800,234.99066619873048,238.97419982910156,,
2024-01-26,185.5,186.77999877929688,182.10000610351562,183.25,183.25,107343200,233.19866638183595,238.35659988403322,,
2024-01-29,185.6300048828125,191.47999572753906,183.6699981689453,190.92999267578125,190.92999267578125,125013100,231.5866663614909,237.70099990844727,,
2024-01-30,195.3300018310547,196.36000061035156,190.61000061035156,191.58999633789062,191.58999633789062,109982300,229.60466613769532,237.0976998901367,,
2024-01-31,187.0,193.97000122070312,185.85000610351562,187.2899932861328,187.2899932861328,103221400,227.39766591389974,236.4556997680664,,
2024-02-01,188.5,189.8800048828125,184.27999877929688,188.86000061035156,188.86000061035156,91843300,225.2903325398763,235.85929977416993,,
2024-02-02,185.0399932861328,188.69000244140625,182.0,187.91000366210938,187.91000366210938,110505100,222.97999928792316,235.00259994506837,,
2024-02-05,184.25999450683594,184.67999267578125,175.00999450683594,181.05999755859375,181.05999755859375,134294400,220.77733256022137,234.13839981079101,,
2024-02-06,177.2100067138672,186.49000549316406,177.11000061035156,185.10000610351562,185.10000610351562,122676000,218.46399943033853,233.2763999938965,,
2024-02-07,188.17999267578125,189.7899932861328,182.67999267578125,187.5800018310547,187.5800018310547,111535200,216.29866638183594,232.3917999267578,,
2024-02-08,189.0,191.6199951171875,185.5800018310547,189.55999755859375,189.55999755859375,83034000,214.06366678873698,231.5434997558594,,
2024-02-09,190.17999267578125,194.1199951171875,189.47999572753906,193.57000732421875,193.57000732421875,84476300,211.80133361816405,230.8263998413086,,
2024-02-12,192.11000061035156,194.72999572753906,187.27999877929688,188.1300048828125,188.1300048828125,95498600,209.63300069173178,230.04269989013673,,
2024-02-13,183.99000549316406,187.25999450683594,182.11000061035156,184.02000427246094,184.02000427246094,86759500,207.48433430989584,229.25699996948242,,
2024-02-14,185.3000030517578,188.88999938964844,183.35000610351562,188.7100067138672,188.7100067138672,81203000,205.49400126139324,228.58710006713866,,
2024-02-15,189.16000366210938,200.8800048828125,188.86000061035156,200.4499969482422,200.4499969482422,120831800,204.22733459472656,228.14279998779296,,
2024-02-16,202.05999755859375,203.1699981689453,197.39999389648438,199.9499969482422,199.9499969482422,111173600,202.96133473714193,227.67239990234376,,
2024-02-20,196.1300048828125,198.60000610351562,189.1300048828125,193.75999450683594,193.75999450683594,104545800,201.50366770426433,227.16879989624024,,
2024-02-21,193.36000061035156,199.44000244140625,191.9499969482422,194.77000427246094,194.77000427246094,103844000,199.9810012817383,226.71149993896483,,
2024-02-22,194.0,198.32000732421875,191.36000061035156,197.41000366210938,197.41000366210938,92739500,198.72933451334634,226.22179992675783,,
2024-02-23,195.30999755859375,197.57000732421875,191.5,191.97000122070312,191.97000122070312,78841900,197.33033447265626,225.63929992675781,,
2024-02-26,192.2899932861328,201.77999877929688,192.0,199.39999389648438,199.39999389648438,111747100,196.4030008951823,225.1172998046875,,
2024-02-27,204.0399932861328,205.60000610351562,198.25999450683594,199.72999572753906,199.72999572753906,108645400,195.76433410644532,224.64929977416992,,
2024-02-28,200.4199981689453,205.3000030517578,198.44000244140625,202.0399932861328,202.0399932861328,99806200,195.16866709391277,224.05809967041014,,
2024-02-29,204.17999267578125,205.27999877929688,198.4499969482422,201.8800048828125,201.8800048828125,85907000,194.71300048828124,223.4763998413086,,
2024-03-01,200.52000427246094,204.52000427246094,198.5,202.63999938964844,202.63999938964844,82099200,194.40500030517578,222.89749984741212,,
2024-03-04,198.72999572753906,199.75,186.72000122070312,188.13999938964844,188.13999938964844,134334900,193.60333353678385,222.18219970703126,,
2024-03-05,183.0500030517578,184.58999633789062,177.57000732421875,180.74000549316406,180.74000549316406,119660800,192.66800028483073,221.35339981079102,,
2024-03-06,179.99000549316406,181.5800018310547,173.6999969482422,176.5399932861328,176.5399932861328,107920900,191.58133341471355,220.48889984130858,,
2024-03-07,174.35000610351562,180.0399932861328,173.6999969482422,178.64999389648438,178.64999389648438,102129000,190.6086664835612,219.68669982910157,,
2024-03-08,181.5,182.72999572753906,174.6999969482422,175.33999633789062,175.33999633789062,85315300,190.36566619873048,218.9288998413086,,
2024-03-11,175.4499969482422,182.8699951171875,174.8000030517578,177.77000427246094,177.77000427246094,85391500,190.18299967447916,218.16739990234376,,
2024-03-12,177.77000427246094,179.42999267578125,172.41000366210938,177.5399932861328,177.5399932861328,87391700,189.73666636149088,217.39429977416992,,
2024-03-13,173.0500030517578,176.0500030517578,169.14999389648438,169.47999572753906,169.47999572753906,106524500,188.99966634114583,216.6622998046875,,
2024-03-14,167.77000427246094,171.1699981689453,160.50999450683594,162.5,162.5,126325700,188.17333323160807,216.08619979858398,,
2024-03-15,163.16000366210938,165.17999267578125,160.75999450683594,163.57000732421875,163.57000732421875,96971900,187.33033345540363,215.60199981689453,,
2024-03-18,170.02000427246094,174.72000122070312,165.89999389648438,173.8000030517578,173.8000030517578,108214400,186.86000010172526,215.21919982910157,,
2024-03-19,172.36000061035156,172.82000732421875,167.4199981689453,171.32000732421875,171.32000732421875,77271400,186.53533376057942,214.76719985961915,,
2024-03-20,173.0,176.25,170.82000732421875,175.66000366210938,175.66000366210938,83846700,186.22066701253254,214.39959991455078,,
2024-03-21,176.38999938964844,178.17999267578125,171.8000030517578,172.82000732421875,172.82000732421875,73178000,185.72866719563802,214.07020004272462,,
2024-03-22,166.69000244140625,171.1999969482422,166.3000030517578,170.8300018310547,170.8300018310547,75454700,185.10433400472004,213.70550003051758,,
2024-03-25,168.75999450683594,175.24000549316406,168.72999572753906,172.6300048828125,172.6300048828125,74228600,184.40633392333984,213.45820007324218,,
2024-03-26,178.5800018310547,184.25,177.3800048828125,177.6699981689453,177.6699981689453,113186200,184.05766703287762,213.22650009155274,,
2024-03-27,181.41000366210938,181.91000366210938,176.0,179.8300018310547,179.8300018310547,81804000,183.91800028483073,212.9682000732422,,
2024-03-28,177.4499969482422,179.57000732421875,175.3000030517578,175.7899932861328,175.7899932861328,77654800,183.48733317057292,212.54100006103516,,
2024-04-01,176.1699981689453,176.75,170.2100067138672,175.22000122070312,175.22000122070312,81562100,182.64633331298828,212.09360000610351,,
2024-04-02,164.75,167.69000244140625,163.42999267578125,166.6300048828125,166.6300048828125,116650600,181.5356669108073,211.56720001220702,,
2024-04-03,164.02000427246094,168.82000732421875,163.27999877929688,168.3800048828125,168.3800048828125,82950100,180.68966725667318,211.02920013427735,,
2024-04-04,170.07000732421875,177.19000244140625,168.00999450683594,171.11000061035156,171.11000061035156,123162000,179.9010004679362,210.51920013427736,,
2024-04-05,169.0800018310547,170.86000061035156,160.50999450683594,164.89999389648438,164.89999389648438,141250700,178.8173334757487,210.0684001159668,,
2024-04-08,169.33999633789062,174.5,167.7899932861328,172.97999572753906,172.97999572753906,104423300,178.18433329264323,209.65170013427735,,
2024-04-09,172.91000366210938,179.22000122070312,171.9199981689453,176.8800048828125,176.8800048828125,103232700,177.4336669921875,209.1834001159668,,
2024-04-10,173.0399932861328,174.92999267578125,170.00999450683594,171.75999450683594,171.75999450683594,84532400,176.50133361816407,208.52690002441406,,
2024-04-11,172.5500030517578,175.8800048828125,168.50999450683594,174.60000610351562,174.60000610351562,94516000,175.5866673787435,207.84450012207031,,
2024-04-12,172.33999633789062,173.80999755859375,170.36000061035156,171.0500030517578,171.0500030517578,64506600,174.55900065104166,207.21910018920897,,
2024-04-15,170.24000549316406,170.69000244140625,161.3800048828125,161.47999572753906,161.47999572753906,100245300,173.18700052897137,206.4909001159668,,
2024-04-16,156.74000549316406,158.19000244140625,153.75,157.11000061035156,157.11000061035156,97000000,172.1526672363281,205.70600006103516,,
2024-04-17,157.63999938964844,158.3300018310547,153.77999877929688,155.4499969482422,155.4499969482422,82439700,171.3096669514974,204.84850006103517,,
2024-04-18,151.25,152.1999969482422,148.6999969482422,149.92999267578125,149.92999267578125,96098800,170.42266693115235,204.0056999206543,,
2024-04-19,148.97000122070312,150.94000244140625,146.22000122070312,147.0500030517578,147.0500030517578,86005100,169.36933390299478,203.12169998168946,,
2024-04-22,140.55999755859375,144.44000244140625,138.8000030517578,142.0500030517578,142.0500030517578,107097600,168.2596674601237,202.1813999938965,,
2024-04-23,143.3300018310547,147.25999450683594,141.11000061035156,144.67999267578125,144.67999267578125,124545100,167.15666707356772,201.16099990844725,,
2024-04-24,162.83999633789062,167.97000122070312,157.50999450683594,162.1300048828125,162.1300048828125,181178000,166.64300079345702,200.34089996337892,,
2024-04-25,158.9600067138672,170.8800048828125,158.36000061035156,170.17999267578125,170.17999267578125,126427500,166.6663340250651,199.64189987182618,,
2024-04-26,168.85000610351562,172.1199951171875,166.3699951171875,168.2899932861328,168.2899932861328,109815700,166.85933380126954,198.93649978637694,,
2024-04-29,188.4199981689453,198.8699951171875,184.5399932861328,194.0500030517578,194.0500030517578,243869700,167.87533365885417,198.52119979858398,,
2024-04-30,186.97999572753906,190.9499969482422,182.83999633789062,183.27999877929688,183.27999877929688,127031800,168.1913335164388,197.9667997741699,,
2024-05-01,182.0,185.86000061035156,179.00999450683594,179.99000549316406,179.99000549316406,92829700,168.48033345540364,197.3729998779297,,
2024-05-02,182.86000061035156,184.60000610351562,176.02000427246094,180.00999450683594,180.00999450683594,89148000,168.62533315022787,196.74669982910157,,
2024-05-03,182.10000610351562,184.77999877929688,178.4199981689453,181.19000244140625,181.19000244140625,75491500,168.90433298746746,196.12019989013672,,
2024-05-06,183.8000030517578,187.55999755859375,182.1999969482422,184.75999450683594,184.75999450683594,84390300,169.36866607666016,195.57039978027345,,
2024-05-07,182.39999389648438,183.25999450683594,177.39999389648438,177.80999755859375,177.80999755859375,75045900,169.5413324991862,194.97839981079102,,
2024-05-08,171.58999633789062,176.05999755859375,170.14999389648438,174.72000122070312,174.72000122070312,79969500,169.44299926757813,194.33269989013672,,
2024-05-09,175.00999450683594,175.6199951171875,171.3699951171875,171.97000122070312,171.97000122070312,65950300,169.18099924723307,193.54189987182616,,
2024-05-10,173.0500030517578,173.05999755859375,167.75,168.47000122070312,168.47000122070312,72350200,168.93699951171874,192.6915998840332,,
